Tipo de produto;Produto;Pre�o (R$);Peso;Fornecedor
Hortifruti;Acelga;3;1 un;Al�cia das Neves
Hortifruti;Acelga;6;1 un;Jo�o Guilherme Ramos
Hortifruti;Acelga;3;1 un;Lucas da Cunha
Hortifruti;Acelga;6;1 un; Luiz Miguel Sales
Hortifruti;Acelga;5;1 un;Maysa da Concei��o
Hortifruti;Acelga;3;1 un;Ana Rezende
Hortifruti;Acelga;4;1 un;Matheus Correia
Hortifruti;Acelga;4;1 un;Laura Costela
Hortifruti;Acelga;4;1 un;Yago Peixoto
Hortifruti;Acelga;4;1 un;Lucca Cavalcanti
Hortifruti;Acelga;6;1 un;Pedro Henrique Freitas
Hortifruti;Acelga;5;1 un;Cec�lia Correia
Hortifruti;Acelga;5;1 un;Alexia da Rocha
Hortifruti;Alface;4;1 un;Olivia Almeida
Hortifruti;Alface;6;1 un;Isabel Mendes
Hortifruti;Alface;5;1 un;Stephany da Rocha
Hortifruti;Alface;4;1 un;Valentina Ferreira
Hortifruti;Alface;3;1 un;Francisco da Paz
Hortifruti;Alface;5;1 un;Nicolas Cardoso
Hortifruti;Alface;5;1 un;Eduardo Jesus
Hortifruti;Alface;3;1 un;Jo�o Guilherme da Cunha
Hortifruti;Alface;3;1 un;Fernanda Fernandes
Hortifruti;Alface;5;1 un;Erick Moreira
Latic�nio;Leite;4;1 litro;Isabelly Moura
Latic�nio;Leite;5;1 litro;Breno das Neves
Latic�nio;Leite;4;1 litro;Isadora Nogueira
Latic�nio;Leite;6;1 litro;Isabel Mendes
Latic�nio;Leite;6;1 litro;Miguel Ramos
Latic�nio;Leite;4;1 litro;Danilo Cavalcanti
Latic�nio;Leite;4;1 litro;Ana Clara Silva
Latic�nio;Leite;6;1 litro;Maria Sophia Gon�alves
Latic�nio;Leite;6;1 litro;Isabelly Oliveira
Latic�nio;Leite;4;1 litro;Marcos Vinicius Ara�jo
Latic�nio;Leite;5;1 litro;Stephany Pereira
Latic�nio;Leite;4;1 litro;Nicolas Cardoso
Latic�nio;Leite;5;1 litro;Eduardo Jesus
Latic�nio;Leite;6;1 litro;Maria Luiza Caldeira
Latic�nio;Leite;6;1 litro;Davi Lucas Alves
Latic�nio;Leite;4;1 litro;Matheus Correia
Latic�nio;Leite;6;1 litro;Laura Costela
Latic�nio;Leite;5;1 litro;Yago Peixoto
Hortifruti;Acelga;5;1 un;Pedro Lucas Cardoso
Hortifruti;Acelga;6;1 un;Isaac Rezende
Hortifruti;Acelga;5;1 un;Vitor Barbosa
Hortifruti;Acelga;3;1 un;Sabrina Costa
Hortifruti;Acelga;4;1 un;Ryan Cardoso
Hortifruti;Acelga;5;1 un;Giovanna Mendes
Hortifruti;Acelga;4;1 un;Alana Porto
Hortifruti;Acelga;4;1 un;Lorena Santos
Hortifruti;Acelga;6;1 un;Cec�lia da Concei��o
Hortifruti;Acelga;4;1 un;Gabriela da Rocha
Hortifruti;Acelga;4;1 un;Diego Ara�jo
Hortifruti;Acelga;4;1 un;Larissa da Mata
Hortifruti;Alface;6;1 un;Isabelly Moura
Hortifruti;Alface;3;1 un;Eduarda da Concei��o
Hortifruti;Alface;4;1 un;Maria Alice Correia
Hortifruti;Alface;4;1 un;Isadora Nogueira
Hortifruti;Alface;5;1 un;Ana Clara Silva
Hortifruti;Alface;5;1 un;Alexandre das Neves
Hortifruti;Alface;3;1 un;Isabelly Oliveira
Hortifruti;Alface;4;1 un;Clara Sales
Hortifruti;Alface;6;1 un;Yasmin Freitas
Hortifruti;Alface;6;1 un;Heitor Arag�o
Hortifruti;Alface;3;1 un;L�via da Cunha
Latic�nio;Leite;4;1 litro;Olivia Almeida
Latic�nio;Leite;4;1 litro;Maria Alice Correia
Latic�nio;Leite;5;1 litro;Alana Sales
Latic�nio;Leite;4;1 litro;Ana Beatriz Santos
Latic�nio;Leite;6;1 litro;Ana Sophia Costela
Latic�nio;Leite;5;1 litro;Stephany da Rocha
Latic�nio;Leite;6;1 litro;Valentina Ferreira
Latic�nio;Leite;5;1 litro;Matheus Teixeira
Latic�nio;Leite;4;1 litro;Fernanda Fernandes
Latic�nio;Leite;6;1 litro;Yasmin Freitas
Latic�nio;Leite;6;1 litro;Jo�o Gabriel Correia
Latic�nio;Leite;6;1 litro;Erick Moreira
Latic�nio;Leite;4;1 litro;Ryan Cardoso
Latic�nio;Leite;6;1 litro;Giovanna Mendes
Latic�nio;Leite;6;1 litro;Alana Porto
Latic�nio;Leite;4;1 litro;Juan Freitas
Hortifruti;Acelga;3;1 un;Julia Dias
Hortifruti;Acelga;3;1 un;Ana Luiza Pires
Hortifruti;Acelga;6;1 un;Vitor Gabriel Mendes
Hortifruti;Acelga;3;1 un;Francisco Barbosa
Hortifruti;Acelga;4;1 un;Fernando Santos
Hortifruti;Acelga;3;1 un;Daniel Gon�alves
Hortifruti;Acelga;6;1 un;Bryan Mendes
Hortifruti;Acelga;6;1 un;Sophia da Mata
Hortifruti;Acelga;3;1 un;Jo�o Guilherme da Cruz
Hortifruti;Acelga;5;1 un;Giovanna Lima
Hortifruti;Acelga;4;1 un;Paulo Novaes
Hortifruti;Acelga;4;1 un;Agatha Rodrigues
Hortifruti;Acelga;4;1 un;Alexia Barros
Hortifruti;Acelga;3;1 un;Juan Freitas
Hortifruti;Acelga;6;1 un;Andr� Campos
Hortifruti;Acelga;5;1 un;Andr� da Rocha
Hortifruti;Acelga;5;1 un;Jo�o Pedro Costa
Hortifruti;Alface;5;1 un;Luigi Ramos
Hortifruti;Alface;6;1 un;Alana Sales
Hortifruti;Alface;6;1 un;Felipe Freitas
Hortifruti;Alface;6;1 un;Ana Beatriz Santos
Hortifruti;Alface;3;1 un;Danilo Cavalcanti
Hortifruti;Alface;5;1 un;Maria Sophia Gon�alves
Hortifruti;Alface;4;1 un;Vinicius da Paz
Hortifruti;Alface;4;1 un;Marcos Vinicius Ara�jo
Hortifruti;Alface;6;1 un;Stephany Pereira
Hortifruti;Alface;3;1 un;Agatha da Paz
Hortifruti;Alface;3;1 un;Matheus Teixeira
Hortifruti;Alface;5;1 un;Davi Lucas Alves
Hortifruti;Hortel�;5;1 un;Olivia Almeida
Hortifruti;Hortel�;7;1 un;Sophia Cavalcanti
Hortifruti;Hortel�;6;1 un;Isadora Nogueira
Hortifruti;Hortel�;7;1 un;Ana Sophia Costela
Hortifruti;Hortel�;7;1 un;Ana Clara Silva
Hortifruti;Hortel�;7;1 un;Stephany da Rocha
Hortifruti;Hortel�;7;1 un;Vinicius da Paz
Hortifruti;Hortel�;6;1 un;Agatha da Paz
Hortifruti;Manjeric�o;5;1 un;Lorena Santos
Hortifruti;Manjeric�o;8;1 un;Ot�vio Moreira
Hortifruti;Manjeric�o;6;1 un;Olivia Almeida
Hortifruti;Manjeric�o;7;1 un;Breno das Neves
Hortifruti;Manjeric�o;6;1 un;Maria Alice Correia
Hortifruti;Manjeric�o;6;1 un;Luigi Ramos
Hortifruti;Manjeric�o;8;1 un;Alana Sales
Hortifruti;Manjeric�o;7;1 un;Ana Beatriz Santos
Hortifruti;Manjeric�o;5;1 un;Ana Sophia Costela
Hortifruti;Manjeric�o;8;1 un;Alexandre das Neves
Hortifruti;Manjeric�o;7;1 un;Maria Sophia Gon�alves
Hortifruti;Manjeric�o;5;1 un;Francisco da Paz
Hortifruti;Manjeric�o;6;1 un;Juliana Rocha
Hortifruti;Manjeric�o;5;1 un;Maria Luiza Caldeira
Hortifruti;Manjeric�o;6;1 un;Yasmin Freitas
Hortifruti;Manjeric�o;6;1 un;Heitor Arag�o
Hortifruti;Salsa;6;1 un;Eduardo Nunes
Hortifruti;Salsa;8;1 un;Maria Cec�lia Almeida
Hortifruti;Salsa;8;1 un;Davi Lucca Teixeira
Hortifruti;Salsa;6;1 un;Fernando Vieira
Hortifruti;Salsa;8;1 un;Enzo Gabriel Nunes
Hortifruti;Salsa;6;1 un;Leonardo da Cruz
Hortifruti;Salsa;6;1 un;Cau� da Concei��o
Hortifruti;Salsa;6;1 un;Thomas Freitas
Hortifruti;Salsa;7;1 un;Milena Costa
Latic�nio;Manteiga;9;100 g;Francisco Barbosa
Latic�nio;Manteiga;7;100 g;Diego da Concei��o
Latic�nio;Manteiga;5;100 g;Jo�o Vitor Sales
Latic�nio;Manteiga;9;100 g;Lucca Cavalcanti
Latic�nio;Manteiga;8;100 g;Nat�lia da Costa
Latic�nio;Manteiga;5;100 g;Cec�lia Correia
Latic�nio;Manteiga;5;100 g;Isabelly Moura
Latic�nio;Manteiga;7;100 g;Isadora Nogueira
Latic�nio;Manteiga;9;100 g;Isabel Mendes
Latic�nio;Manteiga;5;100 g;Stephany da Rocha
Latic�nio;Requeij�o Catupiry;6;200 g;Raquel Azevedo
Latic�nio;Requeij�o Catupiry;6;200 g;Bruno Pires
Latic�nio;Requeij�o Catupiry;6;200 g;Nathan Oliveira
Latic�nio;Requeij�o Catupiry;7;200 g;Juan Ferreira
Latic�nio;Requeij�o Catupiry;7;200 g;Thiago Ramos
Latic�nio;Requeij�o Catupiry;8;200 g;Luiza da Mata
Latic�nio;Requeij�o Catupiry;6;200 g;Raul Ara�jo
Latic�nio;Requeij�o Catupiry;5;200 g;Julia Dias
Latic�nio;Requeij�o Catupiry;7;200 g;Ana Luiza Pires
Latic�nio;Requeij�o Catupiry;7;200 g;Vitor Gabriel Mendes
Latic�nio;Requeij�o Catupiry;6;200 g;Fernando Santos
Latic�nio;Requeij�o Catupiry;8;200 g;Diego da Concei��o
Latic�nio;Requeij�o Catupiry;7;200 g;Daniel Gon�alves
Latic�nio;Requeij�o Catupiry;5;200 g;Isaac Rezende
Latic�nio;Requeij�o Catupiry;6;200 g;Lucas da Cunha
Latic�nio;Requeij�o Catupiry;8;200 g;Luiz Miguel Sales
Latic�nio;Requeij�o Catupiry;7;200 g;Sabrina Costa
Latic�nio;Requeij�o Catupiry;7;200 g;Mariana Campos
Latic�nio;Requeij�o Po�os de Caldas;7;200 g;Maria Sophia Gon�alves
Latic�nio;Requeij�o Po�os de Caldas;5;200 g;Isabelly Oliveira
Latic�nio;Requeij�o Po�os de Caldas;7;200 g;Eduardo Jesus
Latic�nio;Requeij�o Po�os de Caldas;5;200 g;Davi Lucas Alves
Latic�nio;Leite;5;1 litro;Sophia Cavalcanti
Latic�nio;Leite;5;1 litro;Eduarda da Concei��o
Latic�nio;Leite;4;1 litro;Luigi Ramos
Latic�nio;Leite;4;1 litro;Felipe Freitas
Latic�nio;Leite;6;1 litro;Alexandre das Neves
Latic�nio;Leite;6;1 litro;Francisco da Paz
Latic�nio;Leite;4;1 litro;Vinicius da Paz
Latic�nio;Leite;5;1 litro;Juliana Rocha
Latic�nio;Leite;6;1 litro;Agatha da Paz
Latic�nio;Leite;6;1 litro;Clara Sales
Latic�nio;Leite;5;1 litro;Jo�o Guilherme da Cunha
Latic�nio;Leite;4;1 litro;Heitor Arag�o
Latic�nio;Leite;4;1 litro;L�via da Cunha
Latic�nio;Leite;5;1 litro;Paulo Novaes
Latic�nio;Leite;4;1 litro;Agatha Rodrigues
Latic�nio;Leite;5;1 litro;Alexia Barros
Latic�nio;Leite;4;1 litro;Lorena Santos
Latic�nio;Leite;4;1 litro;Alice Teixeira
Latic�nio;Leite;5;1 litro;Jo�o Vitor Sales
Latic�nio;Leite;5;1 litro;Maria Gon�alves
Hortifruti;Acelga;3;1 un;Vit�ria das Neves
Hortifruti;Acelga;5;1 un;Diego da Concei��o
Hortifruti;Acelga;3;1 un;Mariana Campos
Hortifruti;Acelga;3;1 un;Alice Teixeira
Hortifruti;Acelga;4;1 un;Jo�o Vitor Sales
Hortifruti;Acelga;5;1 un;Maria Gon�alves
Hortifruti;Acelga;5;1 un;Leonardo Teixeira
Hortifruti;Acelga;4;1 un;Joaquim Cavalcanti
Hortifruti;Acelga;5;1 un;Augusto das Neves
Hortifruti;Acelga;5;1 un;Ot�vio Moreira
Hortifruti;Acelga;3;1 un;Nat�lia da Costa
Hortifruti;Acelga;6;1 un;Daniela da Cruz
Hortifruti;Alface;3;1 un;Sophia Cavalcanti
Hortifruti;Alface;5;1 un;Breno das Neves
Hortifruti;Alface;6;1 un;Ana Sophia Costela
Hortifruti;Alface;4;1 un;Miguel Ramos
Hortifruti;Alface;3;1 un;Juliana Rocha
Hortifruti;Alface;6;1 un;Maria Luiza Caldeira
Hortifruti;Alface;6;1 un;Jo�o Gabriel Correia
Hortifruti;Hortel�;8;1 un;Larissa da Mata
Hortifruti;Hortel�;7;1 un;Alexia da Rocha
Hortifruti;Hortel�;8;1 un;Eduarda da Concei��o
Hortifruti;Hortel�;8;1 un;Breno das Neves
Hortifruti;Hortel�;6;1 un;Felipe Freitas
Hortifruti;Hortel�;8;1 un;Ana Beatriz Santos
Hortifruti;Hortel�;5;1 un;Miguel Ramos
Hortifruti;Hortel�;5;1 un;Danilo Cavalcanti
Hortifruti;Hortel�;5;1 un;Juliana Rocha
Hortifruti;Hortel�;8;1 un;Stephany Pereira
Hortifruti;Hortel�;7;1 un;Nicolas Cardoso
Hortifruti;Hortel�;6;1 un;Eduardo Jesus
Hortifruti;Manjeric�o;7;1 un;Diego Ara�jo
Hortifruti;Manjeric�o;7;1 un;Alexia da Rocha
Hortifruti;Manjeric�o;8;1 un;Isabelly Moura
Hortifruti;Manjeric�o;5;1 un;Eduarda da Concei��o
Hortifruti;Manjeric�o;8;1 un;Ana Clara Silva
Hortifruti;Manjeric�o;5;1 un;Valentina Ferreira
Hortifruti;Manjeric�o;7;1 un;Agatha da Paz
Hortifruti;Manjeric�o;8;1 un;Matheus Teixeira
Hortifruti;Manjeric�o;7;1 un;Jo�o Guilherme da Cunha
Hortifruti;Manjeric�o;5;1 un;Fernanda Fernandes
Hortifruti;Manjeric�o;6;1 un;L�via da Cunha
Hortifruti;Manjeric�o;6;1 un;Eduardo Nunes
Hortifruti;Salsa;6;1 un;Luiz Miguel da Costa
Hortifruti;Salsa;8;1 un;Brenda Cardoso
Hortifruti;Salsa;5;1 un;Yago Castro
Hortifruti;Salsa;7;1 un;Raul Ara�jo
Hortifruti;Salsa;6;1 un;Vinicius Moreira
Hortifruti;Salsa;5;1 un;Kaique Novaes
Hortifruti;Salsa;7;1 un;Jo�o Felipe Cruz
Hortifruti;Salsa;7;1 un;Lucca da Mata
Latic�nio;Manteiga;6;100 g;Ana Luiza Pires
Latic�nio;Manteiga;5;100 g;Vitor Gabriel Mendes
Latic�nio;Manteiga;8;100 g;Vit�ria das Neves
Latic�nio;Manteiga;5;100 g;Maria Gon�alves
Latic�nio;Manteiga;6;100 g;Andr� Campos
Latic�nio;Manteiga;7;100 g;Andr� da Rocha
Latic�nio;Manteiga;7;100 g;Daniela da Cruz
Latic�nio;Manteiga;10;100 g;Olivia Almeida
Latic�nio;Manteiga;10;100 g;Breno das Neves
Latic�nio;Manteiga;10;100 g;Maria Alice Correia
Latic�nio;Manteiga;5;100 g;Luigi Ramos
Latic�nio;Manteiga;10;100 g;Felipe Freitas
Latic�nio;Requeij�o Catupiry;8;200 g;Luiz Ot�vio Porto
Latic�nio;Requeij�o Catupiry;7;200 g;Isabelly da Mata
Latic�nio;Requeij�o Catupiry;7;200 g;Thales Moura
Latic�nio;Requeij�o Catupiry;5;200 g;Lara Porto
Latic�nio;Requeij�o Catupiry;8;200 g;Andr� da Cruz
Latic�nio;Requeij�o Catupiry;8;200 g;Brenda Cardoso
Latic�nio;Requeij�o Catupiry;6;200 g;Enzo Gabriel Nunes
Latic�nio;Requeij�o Catupiry;7;200 g;Nina Moreira
Latic�nio;Requeij�o Catupiry;7;200 g;Cau� da Concei��o
Latic�nio;Requeij�o Catupiry;6;200 g;Nathan Ferreira
Latic�nio;Requeij�o Catupiry;7;200 g;Pedro Lucas Cardoso
Latic�nio;Requeij�o Catupiry;6;200 g;Francisco Barbosa
Latic�nio;Requeij�o Catupiry;8;200 g;Maysa da Concei��o
Latic�nio;Requeij�o Po�os de Caldas;8;200 g;Valentina Ferreira
Latic�nio;Requeij�o Po�os de Caldas;7;200 g;Nicolas Cardoso
Latic�nio;Requeij�o Po�os de Caldas;5;200 g;Agatha da Paz
Latic�nio;Requeij�o Po�os de Caldas;7;200 g;Maria Luiza Caldeira
Latic�nio;Requeij�o Po�os de Caldas;6;200 g;Heitor Arag�o
Latic�nio;Requeij�o Po�os de Caldas;6;200 g;Eduardo Nunes
Hortifruti;Hortel�;8;1 un;Luigi Ramos
Hortifruti;Hortel�;6;1 un;Alana Sales
Hortifruti;Hortel�;8;1 un;Marcos Vinicius Ara�jo
Hortifruti;Manjeric�o;8;1 un;Jo�o Vitor Sales
Hortifruti;Manjeric�o;5;1 un;Pedro Henrique Freitas
Hortifruti;Manjeric�o;5;1 un;Andr� da Rocha
Hortifruti;Manjeric�o;6;1 un;Nat�lia da Costa
Hortifruti;Manjeric�o;8;1 un;Jo�o Pedro Costa
Hortifruti;Manjeric�o;6;1 un;Cec�lia Correia
Hortifruti;Manjeric�o;7;1 un;Daniela da Cruz
Hortifruti;Manjeric�o;7;1 un;Larissa da Mata
Hortifruti;Manjeric�o;6;1 un;Isadora Nogueira
Hortifruti;Manjeric�o;5;1 un;Isabel Mendes
Hortifruti;Manjeric�o;8;1 un;Stephany Pereira
Hortifruti;Manjeric�o;7;1 un;Nicolas Cardoso
Hortifruti;Manjeric�o;6;1 un;Davi Lucas Alves
Hortifruti;Salsa;8;1 un;Cau� das Neves
Hortifruti;Salsa;8;1 un;Raquel Azevedo
Hortifruti;Salsa;6;1 un;Pietra Lima
Hortifruti;Salsa;8;1 un;Lara Porto
Hortifruti;Salsa;5;1 un;Andr� da Cruz
Hortifruti;Salsa;8;1 un;Bruno Pires
Hortifruti;Salsa;6;1 un;Nathan Oliveira
Hortifruti;Salsa;7;1 un;Luiza da Mata
Hortifruti;Salsa;8;1 un;Helena Pereira
Hortifruti;Salsa;8;1 un;Milena Arag�o
Latic�nio;Manteiga;9;100 g;Fernando Santos
Latic�nio;Manteiga;5;100 g;Agatha Rodrigues
Latic�nio;Manteiga;9;100 g;Lorena Santos
Latic�nio;Manteiga;10;100 g;Yago Peixoto
Latic�nio;Manteiga;6;100 g;Joaquim Cavalcanti
Latic�nio;Manteiga;7;100 g;Ot�vio Moreira
Latic�nio;Manteiga;6;100 g;Diego Ara�jo
Latic�nio;Manteiga;8;100 g;Alana Sales
Latic�nio;Manteiga;5;100 g;Ana Beatriz Santos
Latic�nio;Manteiga;7;100 g;Ana Clara Silva
Latic�nio;Manteiga;5;100 g;Alexandre das Neves
Latic�nio;Requeij�o Catupiry;6;200 g;Maria Luiza Costela
Latic�nio;Requeij�o Catupiry;5;200 g;Jo�o Miguel da Costa
Latic�nio;Requeij�o Catupiry;8;200 g;Felipe Ramos
Latic�nio;Requeij�o Catupiry;8;200 g;Luiz Miguel da Costa
Latic�nio;Requeij�o Catupiry;7;200 g;Yago Castro
Latic�nio;Requeij�o Catupiry;7;200 g;Pedro Henrique das Neves
Latic�nio;Requeij�o Catupiry;5;200 g;Milena Arag�o
Latic�nio;Requeij�o Catupiry;5;200 g;Vit�ria das Neves
Latic�nio;Requeij�o Catupiry;5;200 g;Al�cia das Neves
Latic�nio;Requeij�o Catupiry;8;200 g;Jo�o Guilherme Ramos
Latic�nio;Requeij�o Catupiry;8;200 g;Vitor Barbosa
Latic�nio;Requeij�o Po�os de Caldas;7;200 g;Marcos Vinicius Ara�jo
Latic�nio;Requeij�o Po�os de Caldas;6;200 g;Stephany Pereira
Latic�nio;Requeij�o Po�os de Caldas;8;200 g;Clara Sales
Latic�nio;Requeij�o Po�os de Caldas;6;200 g;Matheus Teixeira
Latic�nio;Requeij�o Po�os de Caldas;7;200 g;Jo�o Guilherme da Cunha
Latic�nio;Requeij�o Po�os de Caldas;7;200 g;Fernanda Fernandes
Latic�nio;Requeij�o Po�os de Caldas;6;200 g;Erick Moreira
Latic�nio;Requeij�o Po�os de Caldas;7;200 g;Cau� das Neves
Hortifruti;Alho;14;1 kg;Andr� Campos
Hortifruti;Alho;11;1 kg;Pedro Henrique Freitas
Hortifruti;Alho;13;1 kg;Jo�o Pedro Costa
Hortifruti;Banana;11;1 kg;Jo�o Felipe Cruz
Hortifruti;Banana;11;1 kg;Manuela Novaes
Hortifruti;Banana;12;1 kg;Augusto Cunha
Hortifruti;Banana;9;1 kg;Maria Fernanda Rocha
Hortifruti;Banana;9;1 kg;Luiz Ot�vio Porto
Hortifruti;Bergamota Ca�;14;1 kg;Luiz Ot�vio Porto
Hortifruti;Bergamota Ca�;8;1 kg;Lara Porto
Hortifruti;Bergamota Ca�;9;1 kg;Bruno Pires
Hortifruti;Bergamota Ca�;13;1 kg;Vinicius Moreira
Hortifruti;Bergamota Ca�;9;1 kg;Ana Luiza Pires
Hortifruti;Bergamota Ponkan;8;1 kg;Alice Teixeira
Hortifruti;Bergamota Ponkan;10;1 kg;Ot�vio Moreira
Hortifruti;Cebola;14;1 kg;Luna Fernandes
Hortifruti;Cebola;8;1 kg;Joaquim Melo
Hortifruti;Cebola;11;1 kg;Andr� da Cruz
Hortifruti;Cebola;10;1 kg;Bruno Pires
Hortifruti;Cenoura;8;1 kg;Brenda Cardoso
Hortifruti;Cenoura;8;1 kg;Nathan Ferreira
Hortifruti;Cenoura;10;1 kg;Julia Dias
Hortifruti;Cenoura;15;1 kg;Diego da Concei��o
Hortifruti;Cenoura;12;1 kg;Agatha Rodrigues
Hortifruti;Cenoura;10;1 kg;Alice Teixeira
Hortifruti;Cenoura;9;1 kg;Jo�o Vitor Sales
Hortifruti;Cenoura;15;1 kg;Maria Gon�alves
Hortifruti;Cenoura;14;1 kg;Andr� Campos
Hortifruti;Cenoura;15;1 kg;Nat�lia da Costa
Hortifruti;Cenoura;13;1 kg;Daniela da Cruz
Hortifruti;Laranja de Umbigo;8;1 kg;Luna Fernandes
Hortifruti;Laranja de Umbigo;10;1 kg;Manuela Novaes
Hortifruti;Laranja de Umbigo;8;1 kg;Luiza Ramos
Hortifruti;Laranja de Umbigo;13;1 kg;Enrico Novaes
Hortifruti;Laranja de Umbigo;8;1 kg;Joaquim Melo
Hortifruti;Laranja de Umbigo;15;1 kg;Brenda Cardoso
Hortifruti;Laranja de Umbigo;13;1 kg;Juan Ferreira
Hortifruti;Laranja de Umbigo;15;1 kg;Helena Pereira
Hortifruti;Laranja de Umbigo;13;1 kg;Enzo Gabriel Nunes
Hortifruti;Laranja de Umbigo;9;1 kg;Nina Moreira
Hortifruti;Laranja de Umbigo;13;1 kg;Nathan Ferreira
Hortifruti;Laranja do C�u;11;1 kg;Pedro Lucas Cardoso
Hortifruti;Laranja do C�u;9;1 kg;Fernando Santos
Hortifruti;Laranja do C�u;14;1 kg;Diego da Concei��o
Hortifruti;Laranja do C�u;11;1 kg;Jo�o Guilherme Ramos
Hortifruti;Laranja do C�u;15;1 kg;Jo�o Guilherme da Cruz
Hortifruti;Laranja do C�u;12;1 kg;Leonardo Teixeira
Hortifruti;Laranja do C�u;10;1 kg;Pedro Henrique Freitas
Hortifruti;Ma��;12;1 kg;Juan Ferreira
Hortifruti;Ma��;11;1 kg;Pedro Henrique das Neves
Hortifruti;Ma��;10;1 kg;Milena Arag�o
Hortifruti;Ma��;8;1 kg;Leonardo da Cruz
Hortifruti;Ma��;12;1 kg;Raul Ara�jo
Hortifruti;Ma��;14;1 kg;Cau� da Concei��o
Hortifruti;Ma��;9;1 kg;Isaac Rezende
Hortifruti;Ma��;14;1 kg;Sabrina Costa
Hortifruti;Ma��;10;1 kg;Jo�o Guilherme da Cruz
Hortifruti;Ma��;13;1 kg;Giovanna Lima
Hortifruti;Ma��;13;1 kg;Alana Porto
Hortifruti;Ma��;10;1 kg;Alexia Barros
Hortifruti;P�ssego;8;1 kg;Milena Costa
Hortifruti;P�ssego;11;1 kg;Lucca da Mata
Hortifruti;Tangerina;13;1 kg;Maria Fernanda Rocha
Hortifruti;Tangerina;13;1 kg;Luiz Ot�vio Porto
Hortifruti;Abacaxi;8;1 un;Milena Costa
Hortifruti;Abacaxi;11;1 un;Luna Fernandes
Hortifruti;Abacaxi;9;1 un;Lucca da Mata
Hortifruti;Abacaxi;14;1 un;Luiz Ot�vio Porto
Hortifruti;Abacaxi;15;1 un;Andr� da Cruz
Hortifruti;Hortel�;7;1 un;Isabelly Moura
Hortifruti;Hortel�;7;1 un;Maria Alice Correia
Hortifruti;Hortel�;5;1 un;Isabel Mendes
Hortifruti;Hortel�;6;1 un;Alexandre das Neves
Hortifruti;Hortel�;6;1 un;Maria Sophia Gon�alves
Hortifruti;Hortel�;8;1 un;Isabelly Oliveira
Hortifruti;Hortel�;8;1 un;Valentina Ferreira
Hortifruti;Hortel�;8;1 un;Francisco da Paz
Hortifruti;Manjeric�o;8;1 un;Alice Teixeira
Hortifruti;Manjeric�o;7;1 un;Sophia Cavalcanti
Hortifruti;Manjeric�o;6;1 un;Felipe Freitas
Hortifruti;Manjeric�o;5;1 un;Miguel Ramos
Hortifruti;Manjeric�o;5;1 un;Danilo Cavalcanti
Hortifruti;Manjeric�o;6;1 un;Stephany da Rocha
Hortifruti;Manjeric�o;8;1 un;Isabelly Oliveira
Hortifruti;Manjeric�o;5;1 un;Vinicius da Paz
Hortifruti;Manjeric�o;8;1 un;Marcos Vinicius Ara�jo
Hortifruti;Manjeric�o;8;1 un;Eduardo Jesus
Hortifruti;Manjeric�o;5;1 un;Clara Sales
Hortifruti;Manjeric�o;8;1 un;Jo�o Gabriel Correia
Hortifruti;Manjeric�o;7;1 un;Erick Moreira
Hortifruti;Nabo;13;1 un;Lara Porto
Hortifruti;Nabo;9;1 un;Davi Lucca Teixeira
Hortifruti;Nabo;15;1 un;Enzo Gabriel Nunes
Hortifruti;Nabo;13;1 un;Leonardo da Cruz
Hortifruti;Nabo;9;1 un;Vitor Gabriel Mendes
Hortifruti;Nabo;8;1 un;Daniel Gon�alves
Hortifruti;Nabo;15;1 un;Ryan Cardoso
Hortifruti;Salsa;6;1 un;Erick Moreira
Hortifruti;Salsa;8;1 un;Francisco Oliveira
Hortifruti;Salsa;7;1 un;Juan Ferreira
Hortifruti;Salsa;7;1 un;Thiago Ramos
Hortifruti;Salsa;7;1 un;Pedro Henrique das Neves
Hortifruti;Salsa;7;1 un;Vitor Hugo Viana
Hortifruti;Salsa;8;1 un;Augusto Ribeiro
Hortifruti;Salsa;7;1 un;Nina Moreira
Hortifruti;Salsa;6;1 un;Ana Laura Azevedo
Hortifruti;Salsa;8;1 un;Luna Fernandes
Latic�nio;Manteiga;8;100 g;Julia Dias
Latic�nio;Manteiga;6;100 g;Al�cia das Neves
Latic�nio;Manteiga;10;100 g;Jo�o Guilherme Ramos
Latic�nio;Manteiga;6;100 g;Alice Teixeira
Latic�nio;Manteiga;5;100 g;Leonardo Teixeira
Latic�nio;Manteiga;6;100 g;Alexia da Rocha
Latic�nio;Manteiga;8;100 g;Sophia Cavalcanti
Latic�nio;Manteiga;6;100 g;Eduarda da Concei��o
Latic�nio;Manteiga;6;100 g;Miguel Ramos
Latic�nio;Manteiga;8;100 g;Maria Sophia Gon�alves
Latic�nio;Requeij�o Catupiry;8;200 g;Davi Luiz Lopes
Latic�nio;Requeij�o Catupiry;5;200 g;Mirella Viana
Latic�nio;Requeij�o Catupiry;7;200 g;Pietra Lima
Latic�nio;Requeij�o Catupiry;5;200 g;Maria Cec�lia Almeida
Latic�nio;Requeij�o Catupiry;7;200 g;Davi Lucca Teixeira
Latic�nio;Requeij�o Catupiry;6;200 g;Francisco Oliveira
Latic�nio;Requeij�o Catupiry;6;200 g;Fernando Vieira
Latic�nio;Requeij�o Catupiry;7;200 g;Vitor Hugo Viana
Latic�nio;Requeij�o Catupiry;7;200 g;Helena Pereira
Latic�nio;Requeij�o Catupiry;6;200 g;Augusto Ribeiro
Latic�nio;Requeij�o Catupiry;6;200 g;Leonardo da Cruz
Latic�nio;Requeij�o Catupiry;6;200 g;Vinicius Moreira
Latic�nio;Requeij�o Po�os de Caldas;5;200 g;Francisco da Paz
Latic�nio;Requeij�o Po�os de Caldas;8;200 g;Vinicius da Paz
Latic�nio;Requeij�o Po�os de Caldas;5;200 g;Juliana Rocha
Latic�nio;Requeij�o Po�os de Caldas;7;200 g;Yasmin Freitas
Latic�nio;Requeij�o Po�os de Caldas;7;200 g;Jo�o Gabriel Correia
Latic�nio;Requeij�o Po�os de Caldas;5;200 g;L�via da Cunha
Hortifruti;Alho;15;1 kg;Matheus Correia
Hortifruti;Alho;15;1 kg;Agatha Rodrigues
Hortifruti;Alho;15;1 kg;Augusto das Neves
Hortifruti;Alho;15;1 kg;Gabriela da Rocha
Hortifruti;Alho;9;1 kg;Larissa da Mata
Hortifruti;Alho;11;1 kg;Olivia Almeida
Hortifruti;Banana;11;1 kg;Milena Costa
Hortifruti;Banana;14;1 kg;Luiza Ramos
Hortifruti;Banana;14;1 kg;Enrico Novaes
Hortifruti;Bergamota Ca�;14;1 kg;Raquel Azevedo
Hortifruti;Bergamota Ca�;8;1 kg;Davi Lucca Teixeira
Hortifruti;Bergamota Ca�;12;1 kg;Vitor Gabriel Mendes
Hortifruti;Bergamota Ca�;11;1 kg;Diego da Concei��o
Hortifruti;Bergamota Ca�;11;1 kg;Daniel Gon�alves
Hortifruti;Bergamota Ca�;8;1 kg;Vitor Barbosa
Hortifruti;Bergamota Ca�;13;1 kg;Luiz Miguel Sales
Hortifruti;Bergamota Ponkan;10;1 kg;Ana Rezende
Hortifruti;Bergamota Ponkan;10;1 kg;Sophia da Mata
Hortifruti;Bergamota Ponkan;8;1 kg;Alexia Barros
Hortifruti;Bergamota Ponkan;11;1 kg;Pedro Henrique Freitas
Hortifruti;Cebola;14;1 kg;Thomas Freitas
Hortifruti;Cebola;11;1 kg;Davi Luiz Lopes
Hortifruti;Cebola;9;1 kg;Maria Cec�lia Almeida
Hortifruti;Cenoura;14;1 kg;Milena Arag�o
Hortifruti;Cenoura;8;1 kg;Augusto das Neves
Hortifruti;Cenoura;13;1 kg;Cec�lia Correia
Hortifruti;Cenoura;9;1 kg;Diego Ara�jo
Hortifruti;Laranja de Umbigo;10;1 kg;Kaique Novaes
Hortifruti;Laranja de Umbigo;15;1 kg;Lucca da Mata
Hortifruti;Laranja de Umbigo;10;1 kg;Thales Moura
Hortifruti;Laranja de Umbigo;10;1 kg;Luiza da Mata
Hortifruti;Laranja de Umbigo;12;1 kg;Raul Ara�jo
Hortifruti;Laranja do C�u;13;1 kg;Al�cia das Neves
Hortifruti;Laranja do C�u;9;1 kg;Augusto das Neves
Hortifruti;Laranja do C�u;11;1 kg;Diego Ara�jo
Hortifruti;Ma��;9;1 kg;Andr� da Cruz
Hortifruti;Ma��;8;1 kg;Nathan Oliveira
Hortifruti;Ma��;15;1 kg;Yago Castro
Hortifruti;Ma��;11;1 kg;Vitor Hugo Viana
Hortifruti;Ma��;12;1 kg;Helena Pereira
Hortifruti;Ma��;8;1 kg;Ana Luiza Pires
Hortifruti;Ma��;8;1 kg;Giovanna Mendes
Hortifruti;P�ssego;10;1 kg;Enrico Novaes
Hortifruti;Tangerina;9;1 kg;Gabriela Alves
Hortifruti;Tangerina;12;1 kg;Alicia Campos
Hortifruti;Tangerina;13;1 kg;Davi Luiz Lopes
Hortifruti;Tangerina;15;1 kg;Yago Castro
Hortifruti;Abacaxi;9;1 un;Augusto Cunha
Hortifruti;Abacaxi;11;1 un; Maria Fernanda Rocha
Hortifruti;Abacaxi;9;1 un;Lara Porto
Hortifruti;Abacaxi;13;1 un;Nathan Oliveira
Hortifruti;Abacaxi;10;1 un;Augusto Ribeiro
Hortifruti;Nabo;8;1 un; Juan Ferreira
Hortifruti;Nabo;14;1 un; Thiago Ramos
Hortifruti;Nabo;12;1 un;Nina Moreira
Hortifruti;Nabo;11;1 un;Fernando Santos
Hortifruti;Nabo;14;1 un;Isaac Rezende
Hortifruti;Nabo;9;1 un;Lucas da Cunha
Hortifruti;Nabo;13;1 un;Jo�o Guilherme da Cruz
Latic�nio;Manteiga;7;100 g;Juan Freitas
Latic�nio;Manteiga;5;100 g;Cec�lia da Concei��o
Latic�nio;Manteiga;7;100 g;Pedro Henrique Freitas
Latic�nio;Manteiga;5;100 g;Ana Sophia Costela
Hortifruti;Alho;8;1 kg;Lorena Santos
Hortifruti;Alho;13;1 kg;Cec�lia Correia
Hortifruti;Alho;10;1 kg;Daniela da Cruz
Hortifruti;Banana;8;1 kg;Luna Fernandes
Hortifruti;Banana;9;1 kg;Lucca da Mata
Hortifruti;Banana;12;1 kg;Ana Beatriz Souza
Hortifruti;Banana;15;1 kg;Davi Luiz Lopes
Hortifruti;Banana;13;1 kg;Felipe Ramos
Hortifruti;Bergamota Ca�;13;1 kg;Davi Luiz Lopes
Hortifruti;Bergamota Ca�;9;1 kg;Mirella Viana
Hortifruti;Bergamota Ca�;14;1 kg;Thales Moura
Hortifruti;Bergamota Ca�;11;1 kg;Nathan Oliveira
Hortifruti;Bergamota Ca�;12;1 kg;Francisco Oliveira
Hortifruti;Bergamota Ca�;12;1 kg;Fernando Vieira
Hortifruti;Bergamota Ca�;13;1 kg;Vitor Hugo Viana
Hortifruti;Bergamota Ca�;9;1 kg;Helena Pereira
Hortifruti;Bergamota Ca�;12;1 kg;Enzo Gabriel Nunes
Hortifruti;Bergamota Ca�;8;1 kg;Nina Moreira
Hortifruti;Bergamota Ca�;15;1 kg;Pedro Lucas Cardoso
Hortifruti;Bergamota Ca�;13;1 kg;Fernando Santos
Hortifruti;Bergamota Ca�;12;1 kg;Isaac Rezende
Hortifruti;Bergamota Ca�;9;1 kg;Sabrina Costa
Hortifruti;Bergamota Ponkan;11;1 kg;Lorena Santos
Hortifruti;Bergamota Ponkan;8;1 kg;Jo�o Pedro Costa
Hortifruti;Bergamota Ponkan;13;1 kg;Daniela da Cruz
Hortifruti;Cebola;12;1 kg;Kaique Novaes
Hortifruti;Cenoura;9;1 kg;Luiza da Mata
Hortifruti;Cenoura;10;1 kg;Vitor Hugo Viana
Hortifruti;Cenoura;10;1 kg;Raul Ara�jo
Hortifruti;Cenoura;13;1 kg;Ot�vio Moreira
Hortifruti;Laranja de Umbigo;11;1 kg;Ana Laura Azevedo
Hortifruti;Laranja de Umbigo;8;1 kg;Maria Luiza Costela
Hortifruti;Laranja de Umbigo;8;1 kg;Augusto Ribeiro
Hortifruti;Laranja de Umbigo;13;1 kg;Leonardo da Cruz
Hortifruti;Laranja do C�u;15;1 kg;Ana Luiza Pires
Hortifruti;Laranja do C�u;11;1 kg;Daniel Gon�alves
Hortifruti;Laranja do C�u;14;1 kg;Isaac Rezende
Hortifruti;Laranja do C�u;14;1 kg;Vitor Barbosa
Hortifruti;Laranja do C�u;14;1 kg;Lucas da Cunha
Hortifruti;Laranja do C�u;15;1 kg;Sabrina Costa
Hortifruti;Laranja do C�u;8;1 kg;Ryan Cardoso
Hortifruti;Laranja do C�u;9;1 kg;Lorena Santos
Hortifruti;Laranja do C�u;12;1 kg; Andr� da Rocha
Hortifruti;Ma��;11;1 kg;Augusto Ribeiro
Hortifruti;Ma��;10;1 kg; Nathan Ferreira
Hortifruti;Ma��;13;1 kg;Vitor Gabriel Mendes
Hortifruti;Ma��;8;1 kg;Vitor Barbosa
Hortifruti;Ma��;9;1 kg;Mariana Campos
Hortifruti;Ma��;10;1 kg;Agatha Rodrigues
Hortifruti;P�ssego;11;1 kg;Luna Fernandes
Hortifruti;P�ssego;13;1 kg;Alicia Campos
Hortifruti;P�ssego;11;1 kg; Maria Fernanda Rocha
Hortifruti;Tangerina;13;1 kg;Ana Beatriz Souza
Hortifruti;Tangerina;8;1 kg;Luiza Ramos
Hortifruti;Tangerina;12;1 kg;Enrico Novaes
Hortifruti;Abacaxi;14;1 un;Luiza Ramos
Hortifruti;Abacaxi;9;1 un;Enrico Novaes
Hortifruti;Abacaxi;13;1 un; Joaquim Melo
Hortifruti;Abacaxi;11;1 un; Luiz Miguel da Costa
Hortifruti;Abacaxi;8;1 un;Bruno Pires
Hortifruti;Abacaxi;8;1 un;Francisco Oliveira
Hortifruti;Abacaxi;14;1 un;Yago Castro
Hortifruti;Abacaxi;10;1 un;Pedro Henrique das Neves
Hortifruti;Abacaxi;10;1 un;Vitor Hugo Viana
Hortifruti;Abacaxi;14;1 un;Enzo Gabriel Nunes
Hortifruti;Abacaxi;9;1 un;Milena Arag�o
Hortifruti;Abacaxi;15;1 un;Vinicius Moreira
Hortifruti;Nabo;13;1 un; Luiz Miguel da Costa
Hortifruti;Nabo;14;1 un;Francisco Oliveira
Hortifruti;Nabo;11;1 un;Brenda Cardoso
Hortifruti;Nabo;13;1 un;Luiza da Mata
Hortifruti;Nabo;9;1 un; Cau� da Concei��o
Hortifruti;Nabo;14;1 un;Al�cia das Neves
Hortifruti;Nabo;8;1 un; Luiz Miguel Sales
Hortifruti;Nabo;14;1 un;Mariana Campos
Latic�nio;Manteiga;7;100 g;Daniel Gon�alves
Latic�nio;Manteiga;9;100 g;Alexia Barros
Latic�nio;Manteiga;8;100 g;Augusto das Neves
Latic�nio;Manteiga;7;100 g;Gabriela da Rocha
Latic�nio;Manteiga;10;100 g;Jo�o Pedro Costa
Latic�nio;Manteiga;10;100 g;Larissa da Mata
Latic�nio;Manteiga;7;100 g;Danilo Cavalcanti
Mel;Mel;14;200 g; Alexia da Rocha
Mel;Mel;16;200 g;Alana Sales
Mel;Mel;14;200 g;Danilo Cavalcanti
Mel;Mel;10;200 g;Eduardo Jesus
Mel;Mel;11;200 g;Davi Lucas Alves
Mel;Mel;18;200 g;Fernanda Fernandes
Mel;Mel;17;200 g;Alana Porto
Latic�nio;Nata Fresca;13;200 g;Alana Porto
Latic�nio;Nata Fresca;10;200 g;Alexia Barros
Latic�nio;Nata Fresca;13;200 g;Pedro Henrique Freitas
Latic�nio;Nata Fresca;12;200 g; Diego Ara�jo
Latic�nio;Nata Fresca;10;200 g; Alexia da Rocha
Latic�nio;Nata Fresca;12;200 g;Sophia Cavalcanti
Latic�nio;Nata Fresca;10;200 g;Breno das Neves
Latic�nio;Nata Fresca;12;200 g;Alexandre das Neves
Latic�nio;Nata Fresca;10;200 g;Agatha da Paz
Latic�nio;Nata Fresca;10;200 g;Matheus Teixeira
Latic�nio;Nata Fresca;13;200 g; Maria Luiza Caldeira
Latic�nio;Nata Fresca;11;200 g;Yasmin Freitas
Latic�nio;Nata Pi�;11;200 g;Kaique Novaes
Latic�nio;Nata Pi�;12;200 g;Thomas Freitas
Latic�nio;Nata Pi�;11;200 g;Lucca da Mata
Latic�nio;Nata Pi�;10;200 g; Maria Fernanda Rocha
Latic�nio;Nata Pi�;12;200 g;Maria Cec�lia Almeida
Latic�nio;Nata Pi�;10;200 g;Lara Porto
Latic�nio;Nata Pi�;10;200 g;Nathan Oliveira
Latic�nio;Nata Pi�;13;200 g; Juan Ferreira
Latic�nio;Nata Pi�;10;200 g;Fernando Vieira
Latic�nio;Nata Pi�;10;200 g;Leonardo da Cruz
Latic�nio;Nata Santa Clara;11;200 g;Ana Luiza Pires
Latic�nio;Nata Santa Clara;10;200 g;Francisco Barbosa
Latic�nio;Nata Santa Clara;12;200 g;Fernando Santos
Latic�nio;Nata Santa Clara;12;200 g;Agatha Rodrigues
Latic�nio;Nata Santa Clara;11;200 g;Jo�o Vitor Sales
Latic�nio;Nata Santa Clara;10;200 g;Joaquim Cavalcanti
Latic�nio;Nata Santa Clara;13;200 g;Lucca Cavalcanti
Latic�nio;Nata Santa Clara;11;200 g;Andr� Campos
Latic�nio;Nata Santa Clara;11;200 g;Pedro Henrique Freitas
Latic�nio;Nata Santa Clara;13;200 g;Nat�lia da Costa
Latic�nio;Nata Santa Clara;11;200 g;Larissa da Mata
Latic�nio;Nata Santa Clara;12;200 g;Breno das Neves
Latic�nio;Nata Santa Clara;12;200 g;Maria Alice Correia
Latic�nio;Nata Santa Clara;12;200 g; Isadora Nogueira
Latic�nio;Nata Tirol;11;200 g;Valentina Ferreira
Latic�nio;Nata Tirol;12;200 g;Juliana Rocha
Hortifruti;Alho;14;1 kg;Laura Costela
Hortifruti;Alho;15;1 kg;Yago Peixoto
Hortifruti;Alho;12;1 kg; Andr� da Rocha
Hortifruti;Alho;11;1 kg; Diego Ara�jo
Hortifruti;Banana;11;1 kg; Joaquim Melo
Hortifruti;Banana;11;1 kg;Mirella Viana
Hortifruti;Bergamota Ca�;14;1 kg;Felipe Ramos
Hortifruti;Bergamota Ca�;14;1 kg; Luiz Miguel da Costa
Hortifruti;Bergamota Ca�;8;1 kg; Pietra Lima
Hortifruti;Bergamota Ca�;13;1 kg;Brenda Cardoso
Hortifruti;Bergamota Ca�;11;1 kg;Yago Castro
Hortifruti;Bergamota Ca�;14;1 kg;Pedro Henrique das Neves
Hortifruti;Bergamota Ca�;8;1 kg;Julia Dias
Hortifruti;Bergamota Ca�;10;1 kg;Vit�ria das Neves
Hortifruti;Bergamota Ca�;10;1 kg;Francisco Barbosa
Hortifruti;Bergamota Ponkan;11;1 kg;Bryan Mendes
Hortifruti;Bergamota Ponkan;9;1 kg;Giovanna Lima
Hortifruti;Bergamota Ponkan;15;1 kg;Ryan Cardoso
Hortifruti;Bergamota Ponkan;9;1 kg;Giovanna Mendes
Hortifruti;Bergamota Ponkan;8;1 kg; Andr� da Rocha
Hortifruti;Cebola;8;1 kg;Jo�o Miguel da Costa
Hortifruti;Cebola;9;1 kg;Lara Porto
Hortifruti;Cenoura;13;1 kg; Juan Ferreira
Hortifruti;Cenoura;15;1 kg;Augusto Ribeiro
Hortifruti;Cenoura;9;1 kg;Daniel Gon�alves
Hortifruti;Cenoura;13;1 kg;Alexia Barros
Hortifruti;Cenoura;12;1 kg;Lorena Santos
Hortifruti;Cenoura;10;1 kg;Cec�lia da Concei��o
Hortifruti;Laranja de Umbigo;11;1 kg;Matheus Nogueira
Hortifruti;Laranja de Umbigo;12;1 kg;Ana Beatriz Souza
Hortifruti;Laranja de Umbigo;13;1 kg;Gabriela Alves
Hortifruti;Laranja de Umbigo;12;1 kg;Lara Porto
Hortifruti;Laranja de Umbigo;12;1 kg;Bruno Pires
Hortifruti;Laranja de Umbigo;11;1 kg;Francisco Oliveira
Hortifruti;Laranja do C�u;12;1 kg; Luiz Miguel Sales
Hortifruti;Laranja do C�u;11;1 kg;Maysa da Concei��o
Hortifruti;Laranja do C�u;15;1 kg; Ana Rezende
Hortifruti;Laranja do C�u;12;1 kg;Bryan Mendes
Hortifruti;Laranja do C�u;11;1 kg;Laura Costela
Hortifruti;Laranja do C�u;10;1 kg;Agatha Rodrigues
Hortifruti;Laranja do C�u;15;1 kg;Jo�o Vitor Sales
Hortifruti;Laranja do C�u;14;1 kg;Yago Peixoto
Hortifruti;Laranja do C�u;15;1 kg;Maria Gon�alves
Hortifruti;Laranja do C�u;10;1 kg;Juan Freitas
Hortifruti;Laranja do C�u;13;1 kg;Ot�vio Moreira
Hortifruti;Ma��;14;1 kg;Bruno Pires
Hortifruti;Ma��;11;1 kg;Francisco Oliveira
Hortifruti;Ma��;14;1 kg; Thiago Ramos
Hortifruti;Ma��;14;1 kg;Nina Moreira
Hortifruti;Ma��;14;1 kg;Vinicius Moreira
Hortifruti;Ma��;12;1 kg;Diego da Concei��o
Hortifruti;Ma��;10;1 kg;Lucas da Cunha
Hortifruti;Ma��;13;1 kg;Paulo Novaes
Hortifruti;P�ssego;9;1 kg;Thomas Freitas
Hortifruti;P�ssego;14;1 kg;Jo�o Felipe Cruz
Hortifruti;P�ssego;13;1 kg; Joaquim Melo
Hortifruti;Abacaxi;15;1 un;Manuela Novaes
Hortifruti;Abacaxi;14;1 un;Alicia Campos
Hortifruti;Abacaxi;11;1 un;Isabelly da Mata
Hortifruti;Abacaxi;10;1 un;Jo�o Miguel da Costa
Hortifruti;Abacaxi;9;1 un;Raquel Azevedo
Hortifruti;Abacaxi;11;1 un;Helena Pereira
Hortifruti;Abacaxi;9;1 un;Nina Moreira
Hortifruti;Abacaxi;8;1 un; Nathan Ferreira
Hortifruti;Nabo;14;1 un; Pietra Lima
Hortifruti;Nabo;14;1 un;Nathan Oliveira
Hortifruti;Nabo;10;1 un;Milena Arag�o
Hortifruti;Nabo;10;1 un;Julia Dias
Hortifruti;Nabo;13;1 un;Vit�ria das Neves
Hortifruti;Nabo;12;1 un;Francisco Barbosa
Hortifruti;Nabo;15;1 un;Maysa da Concei��o
Hortifruti;Nabo;13;1 un;Sabrina Costa
Mel;Mel;13;200 g;Felipe Freitas
Mel;Mel;13;200 g;Ana Clara Silva
Mel;Mel;14;200 g;Francisco da Paz
Mel;Mel;11;200 g; Stephany Pereira
Latic�nio;Nata Fresca;12;200 g;Daniela da Cruz
Latic�nio;Nata Fresca;13;200 g;Isabelly Moura
Latic�nio;Nata Fresca;12;200 g;Miguel Ramos
Latic�nio;Nata Fresca;10;200 g;Ana Clara Silva
Latic�nio;Nata Fresca;10;200 g; Stephany da Rocha
Latic�nio;Nata Fresca;12;200 g;Maria Sophia Gon�alves
Latic�nio;Nata Fresca;12;200 g;Francisco da Paz
Latic�nio;Nata Fresca;10;200 g;Juliana Rocha
Latic�nio;Nata Fresca;13;200 g;Marcos Vinicius Ara�jo
Latic�nio;Nata Fresca;10;200 g;Eduardo Jesus
Latic�nio;Nata Fresca;10;200 g;Clara Sales
Latic�nio;Nata Pi�;12;200 g;Heitor Arag�o
Latic�nio;Nata Pi�;11;200 g;Erick Moreira
Latic�nio;Nata Pi�;11;200 g;Eduardo Nunes
Latic�nio;Nata Pi�;13;200 g;Cau� das Neves
Latic�nio;Nata Pi�;12;200 g;Matheus Nogueira
Latic�nio;Nata Pi�;13;200 g;Milena Costa
Latic�nio;Nata Pi�;13;200 g;Luiza Ramos
Latic�nio;Nata Pi�;11;200 g;Alicia Campos
Latic�nio;Nata Pi�;12;200 g;Davi Luiz Lopes
Latic�nio;Nata Pi�;13;200 g;Maria Luiza Costela
Latic�nio;Nata Pi�;12;200 g; Pietra Lima
Latic�nio;Nata Pi�;10;200 g;Yago Castro
Latic�nio;Nata Pi�;13;200 g;Luiza da Mata
Latic�nio;Nata Pi�;11;200 g;Pedro Henrique das Neves
Latic�nio;Nata Pi�;11;200 g;Helena Pereira
Latic�nio;Nata Santa Clara;12;200 g;Raul Ara�jo
Latic�nio;Nata Santa Clara;13;200 g; Nathan Ferreira
Latic�nio;Nata Santa Clara;10;200 g;Pedro Lucas Cardoso
Latic�nio;Nata Santa Clara;13;200 g;Vitor Gabriel Mendes
Latic�nio;Nata Santa Clara;13;200 g;Vit�ria das Neves
Latic�nio;Nata Santa Clara;11;200 g;Al�cia das Neves
Latic�nio;Nata Santa Clara;11;200 g;Alexia Barros
Latic�nio;Nata Santa Clara;10;200 g; Alice Teixeira
Latic�nio;Nata Santa Clara;12;200 g;Leonardo Teixeira
Latic�nio;Nata Santa Clara;12;200 g; Andr� da Rocha
Latic�nio;Nata Santa Clara;10;200 g;Ot�vio Moreira
Latic�nio;Nata Santa Clara;12;200 g;Jo�o Pedro Costa
Latic�nio;Nata Santa Clara;11;200 g;Cec�lia Correia
Latic�nio;Nata Santa Clara;13;200 g;Isabelly Moura
Latic�nio;Nata Santa Clara;12;200 g;Sophia Cavalcanti
Latic�nio;Nata Santa Clara;11;200 g;Luigi Ramos
Latic�nio;Nata Santa Clara;10;200 g;Ana Beatriz Santos
Latic�nio;Nata Tirol;13;200 g;Danilo Cavalcanti
Latic�nio;Nata Tirol;13;200 g;Alexandre das Neves
Latic�nio;Nata Tirol;12;200 g;Francisco da Paz
Latic�nio;Nata Tirol;12;200 g;Matheus Nogueira
Hortifruti;Alho;12;1 kg;Paulo Novaes
Hortifruti;Alho;11;1 kg; Alice Teixeira
Hortifruti;Alho;14;1 kg;Maria Gon�alves
Hortifruti;Alho;11;1 kg;Lucca Cavalcanti
Hortifruti;Banana;9;1 kg;Alicia Campos
Hortifruti;Bergamota Ca�;10;1 kg;Jo�o Miguel da Costa
Hortifruti;Bergamota Ca�;13;1 kg;Milena Arag�o
Hortifruti;Bergamota Ca�;11;1 kg;Maysa da Concei��o
Hortifruti;Bergamota Ponkan;9;1 kg;Paulo Novaes
Hortifruti;Bergamota Ponkan;10;1 kg;Alana Porto
Hortifruti;Bergamota Ponkan;11;1 kg;Agatha Rodrigues
Hortifruti;Cebola;14;1 kg;Lucca da Mata
Hortifruti;Cebola;9;1 kg;Vitor Hugo da Mata
Hortifruti;Cebola;14;1 kg;Gabriela Alves
Hortifruti;Cebola;10;1 kg;Felipe Ramos
Hortifruti;Cebola;12;1 kg;Raquel Azevedo
Hortifruti;Cenoura;11;1 kg;Fernando Vieira
Hortifruti;Cenoura;14;1 kg;Vinicius Moreira
Hortifruti;Cenoura;8;1 kg;Vitor Gabriel Mendes
Hortifruti;Cenoura;12;1 kg;Juan Freitas
Hortifruti;Cenoura;13;1 kg; Andr� da Rocha
Hortifruti;Laranja de Umbigo;11;1 kg;Milena Costa
Hortifruti;Laranja de Umbigo;9;1 kg;Augusto Cunha
Hortifruti;Laranja de Umbigo;8;1 kg; Maria Fernanda Rocha
Hortifruti;Laranja de Umbigo;13;1 kg;Felipe Ramos
Hortifruti;Laranja de Umbigo;13;1 kg; Luiz Miguel da Costa
Hortifruti;Laranja de Umbigo;11;1 kg;Fernando Vieira
Hortifruti;Laranja de Umbigo;10;1 kg; Cau� da Concei��o
Hortifruti;Laranja do C�u;14;1 kg;Vit�ria das Neves
Hortifruti;Laranja do C�u;10;1 kg;Giovanna Lima
Hortifruti;Laranja do C�u;15;1 kg;Alexia Barros
Hortifruti;Ma��;10;1 kg;Brenda Cardoso
Hortifruti;Ma��;10;1 kg;Fernando Vieira
Hortifruti;Ma��;12;1 kg;Pedro Lucas Cardoso
Hortifruti;Ma��;8;1 kg;Fernando Santos
Hortifruti;Ma��;12;1 kg;Jo�o Guilherme Ramos
Hortifruti;Ma��;15;1 kg; Luiz Miguel Sales
Hortifruti;Ma��;15;1 kg;Maysa da Concei��o
Hortifruti;Ma��;14;1 kg; Ana Rezende
Hortifruti;Ma��;10;1 kg;Laura Costela
Hortifruti;P�ssego;15;1 kg;Luiza Ramos
Hortifruti;Tangerina;12;1 kg;Manuela Novaes
Hortifruti;Tangerina;8;1 kg; Joaquim Melo
Hortifruti;Tangerina;13;1 kg;Isabelly da Mata
Hortifruti;Tangerina;8;1 kg;Brenda Cardoso
Hortifruti;Abacaxi;11;1 un;Matheus Nogueira
Hortifruti;Abacaxi;14;1 un;Ana Beatriz Souza
Hortifruti;Abacaxi;12;1 un;Thales Moura
Hortifruti;Beterraba;13;1 un; Diego Ara�jo
Hortifruti;Beterraba;13;1 un;Isabelly Moura
Hortifruti;Beterraba;13;1 un;Sophia Cavalcanti
Hortifruti;Beterraba;14;1 un;Ana Sophia Costela
Hortifruti;Beterraba;14;1 un; Stephany da Rocha
Hortifruti;Beterraba;13;1 un;Alexandre das Neves
Hortifruti;Beterraba;13;1 un;Juliana Rocha
Hortifruti;Beterraba;15;1 un;Matheus Teixeira
Hortifruti;Beterraba;15;1 un;Jo�o Guilherme da Cunha
Hortifruti;Beterraba;15;1 un;Yasmin Freitas
Hortifruti;Nabo;13;1 un;Yago Castro
Hortifruti;Nabo;10;1 un;Vinicius Moreira
Hortifruti;Nabo;13;1 un; Nathan Ferreira
Hortifruti;Nabo;9;1 un;Diego da Concei��o
Hortifruti;Nabo;15;1 un;Bryan Mendes
Hortifruti;Nabo;13;1 un;Sophia da Mata
Hortifruti;Nabo;9;1 un;Giovanna Lima
Latic�nio;Manteiga;18;200 g;Vinicius da Paz
Latic�nio;Manteiga;12;200 g;Luna Fernandes
Latic�nio;Manteiga;15;200 g;Vitor Hugo da Mata
Latic�nio;Manteiga;18;200 g; Maria Fernanda Rocha
Latic�nio;Manteiga;16;200 g;Luiz Ot�vio Porto
Latic�nio;Manteiga;16;200 g;Maria Luiza Costela
Latic�nio;Manteiga;19;200 g; Pietra Lima
Latic�nio;Manteiga;12;200 g;Bruno Pires
Latic�nio;Manteiga;19;200 g;Davi Lucca Teixeira
Latic�nio;Manteiga;16;200 g; Thiago Ramos
Mel;Mel;14;200 g;Olivia Almeida
Mel;Mel;15;200 g;Maria Alice Correia
Mel;Mel;19;200 g; Isadora Nogueira
Mel;Mel;19;200 g;Juliana Rocha
Mel;Mel;12;200 g;Agatha da Paz
Mel;Mel;13;200 g; Maria Luiza Caldeira
Mel;Mel;11;200 g;Jo�o Guilherme da Cunha
Latic�nio;Nata Fresca;10;200 g;Matheus Correia
Latic�nio;Nata Fresca;12;200 g;Agatha Rodrigues
Latic�nio;Nata Fresca;11;200 g;Lorena Santos
Latic�nio;Nata Fresca;13;200 g; Alice Teixeira
Latic�nio;Nata Fresca;13;200 g;Jo�o Vitor Sales
Latic�nio;Nata Fresca;12;200 g; Andr� da Rocha
Latic�nio;Nata Fresca;11;200 g;Nat�lia da Costa
Latic�nio;Nata Fresca;13;200 g;Jo�o Pedro Costa
Latic�nio;Nata Fresca;12;200 g;Maria Alice Correia
Latic�nio;Nata Fresca;10;200 g;Alana Sales
Latic�nio;Nata Fresca;10;200 g;Felipe Freitas
Latic�nio;Nata Fresca;11;200 g;Ana Beatriz Santos
Latic�nio;Nata Fresca;12;200 g;Ana Sophia Costela
Latic�nio;Nata Fresca;10;200 g; Isabelly Oliveira
Latic�nio;Nata Fresca;11;200 g;Valentina Ferreira
Latic�nio;Nata Fresca;10;200 g;Vinicius da Paz
Latic�nio;Nata Fresca;12;200 g; Stephany Pereira
Latic�nio;Nata Fresca;12;200 g;Jo�o Guilherme da Cunha
Latic�nio;Nata Pi�;13;200 g;Jo�o Felipe Cruz
Latic�nio;Nata Pi�;12;200 g;Ana Beatriz Souza
Latic�nio;Nata Pi�;13;200 g; Joaquim Melo
Latic�nio;Nata Pi�;11;200 g;Jo�o Miguel da Costa
Latic�nio;Nata Pi�;11;200 g;Felipe Ramos
Latic�nio;Nata Pi�;13;200 g;Thales Moura
Latic�nio;Nata Pi�;12;200 g;Raquel Azevedo
Latic�nio;Nata Pi�;13;200 g;Andr� da Cruz
Latic�nio;Nata Pi�;13;200 g;Bruno Pires
Latic�nio;Nata Pi�;12;200 g;Davi Lucca Teixeira
Latic�nio;Nata Pi�;12;200 g;Augusto Ribeiro
Latic�nio;Nata Pi�;10;200 g;Nina Moreira
Latic�nio;Nata Pi�;13;200 g;Milena Arag�o
Latic�nio;Nata Santa Clara;12;200 g; Cau� da Concei��o
Latic�nio;Nata Santa Clara;13;200 g;Julia Dias
Latic�nio;Nata Santa Clara;12;200 g;Diego da Concei��o
Latic�nio;Nata Santa Clara;10;200 g;Jo�o Guilherme Ramos
Latic�nio;Nata Santa Clara;13;200 g;Yago Peixoto
Latic�nio;Nata Santa Clara;13;200 g;Gabriela da Rocha
Latic�nio;Nata Santa Clara;13;200 g; Alexia da Rocha
Latic�nio;Nata Santa Clara;12;200 g;Olivia Almeida
Latic�nio;Nata Santa Clara;13;200 g;Eduarda da Concei��o
Latic�nio;Nata Santa Clara;13;200 g;Felipe Freitas
Latic�nio;Nata Santa Clara;13;200 g;Ana Sophia Costela
Latic�nio;Nata Santa Clara;12;200 g;Isabel Mendes
Latic�nio;Nata Tirol;11;200 g; Isabelly Oliveira
Latic�nio;Nata Tirol;11;200 g;Ana Laura Azevedo
Hortifruti;Alho;8;1 kg;Juan Freitas
Hortifruti;Alho;8;1 kg;Leonardo Teixeira
Hortifruti;Alho;9;1 kg;Cec�lia da Concei��o
Hortifruti;Banana;10;1 kg;Maria Luiza Costela
Hortifruti;Banana;12;1 kg;Jo�o Miguel da Costa
Hortifruti;Banana;12;1 kg;Thales Moura
Hortifruti;Bergamota Ca�;10;1 kg;Andr� da Cruz
Hortifruti;Bergamota Ca�;10;1 kg;Leonardo da Cruz
Hortifruti;Bergamota Ca�;11;1 kg; Nathan Ferreira
Hortifruti;Bergamota Ponkan;12;1 kg;Jo�o Guilherme da Cruz
Hortifruti;Bergamota Ponkan;12;1 kg;Laura Costela
Hortifruti;Cebola;11;1 kg;Manuela Novaes
Hortifruti;Cebola;11;1 kg;Augusto Cunha
Hortifruti;Cenoura;9;1 kg; Thiago Ramos
Hortifruti;Cenoura;15;1 kg;Pedro Henrique das Neves
Hortifruti;Cenoura;13;1 kg;Helena Pereira
Hortifruti;Cenoura;14;1 kg;Enzo Gabriel Nunes
Hortifruti;Cenoura;12;1 kg;Nina Moreira
Hortifruti;Cenoura;10;1 kg;Leonardo da Cruz
Hortifruti;Cenoura;15;1 kg;Pedro Lucas Cardoso
Hortifruti;Cenoura;9;1 kg;Ana Luiza Pires
Hortifruti;Cenoura;14;1 kg;Vit�ria das Neves
Hortifruti;Cenoura;11;1 kg;Francisco Barbosa
Hortifruti;Cenoura;12;1 kg;Leonardo Teixeira
Hortifruti;Cenoura;9;1 kg;Joaquim Cavalcanti
Hortifruti;Cenoura;10;1 kg;Pedro Henrique Freitas
Hortifruti;Laranja de Umbigo;11;1 kg;Thomas Freitas
Hortifruti;Laranja de Umbigo;10;1 kg;Jo�o Felipe Cruz
Hortifruti;Laranja de Umbigo;14;1 kg;Alicia Campos
Hortifruti;Laranja de Umbigo;9;1 kg;Luiz Ot�vio Porto
Hortifruti;Laranja de Umbigo;15;1 kg;Nathan Oliveira
Hortifruti;Laranja do C�u;11;1 kg;Alana Porto
Hortifruti;Laranja do C�u;11;1 kg; Alice Teixeira
Hortifruti;Laranja do C�u;11;1 kg;Lucca Cavalcanti
Hortifruti;Laranja do C�u;8;1 kg;Gabriela da Rocha
Hortifruti;Laranja do C�u;13;1 kg;Jo�o Pedro Costa
Hortifruti;Laranja do C�u;10;1 kg;Larissa da Mata
Hortifruti;Ma��;13;1 kg;Davi Lucca Teixeira
Hortifruti;Ma��;14;1 kg;Luiza da Mata
Hortifruti;Ma��;15;1 kg;Al�cia das Neves
Hortifruti;Ma��;9;1 kg;Matheus Correia
Hortifruti;P�ssego;8;1 kg;Vitor Hugo da Mata
Hortifruti;P�ssego;13;1 kg;Manuela Novaes
Hortifruti;Tangerina;11;1 kg; Thiago Ramos
Hortifruti;Abacaxi;9;1 un;Kaique Novaes
Hortifruti;Abacaxi;14;1 un;Gabriela Alves
Hortifruti;Abacaxi;10;1 un;Brenda Cardoso
Hortifruti;Abacaxi;12;1 un;Raul Ara�jo
Hortifruti;Beterraba;13;1 un; Alexia da Rocha
Hortifruti;Beterraba;15;1 un;Alana Sales
Hortifruti;Beterraba;12;1 un; Isadora Nogueira
Hortifruti;Beterraba;15;1 un;Felipe Freitas
Hortifruti;Beterraba;12;1 un;Miguel Ramos
Hortifruti;Beterraba;13;1 un; Isabelly Oliveira
Hortifruti;Beterraba;12;1 un;Valentina Ferreira
Hortifruti;Beterraba;12;1 un;Marcos Vinicius Ara�jo
Hortifruti;Beterraba;14;1 un;Nicolas Cardoso
Hortifruti;Beterraba;14;1 un;Eduardo Jesus
Hortifruti;Beterraba;15;1 un; Maria Luiza Caldeira
Hortifruti;Beterraba;12;1 un;Davi Lucas Alves
Hortifruti;Beterraba;13;1 un;Heitor Arag�o
Hortifruti;Nabo;14;1 un;Andr� da Cruz
Hortifruti;Nabo;12;1 un;Helena Pereira
Hortifruti;Nabo;12;1 un;Pedro Lucas Cardoso
Hortifruti;Nabo;14;1 un;Jo�o Guilherme Ramos
Hortifruti;Nabo;12;1 un;Paulo Novaes
Latic�nio;Manteiga;13;200 g;Milena Costa
Latic�nio;Manteiga;14;200 g;Enrico Novaes
Latic�nio;Manteiga;14;200 g;Davi Luiz Lopes
Latic�nio;Manteiga;20;200 g;Raquel Azevedo
Latic�nio;Manteiga;12;200 g; Juan Ferreira
Latic�nio;Manteiga;15;200 g;Yago Castro
Mel;Mel;10;200 g;Sophia Cavalcanti
Mel;Mel;11;200 g;Eduarda da Concei��o
Mel;Mel;18;200 g;Alexandre das Neves
Mel;Mel;11;200 g;Matheus Correia
Mel;Mel;20;200 g;Laura Costela
Latic�nio;Nata Fresca;12;200 g;Laura Costela
Latic�nio;Nata Fresca;13;200 g;Ot�vio Moreira
Latic�nio;Nata Fresca;12;200 g;Cec�lia Correia
Latic�nio;Nata Fresca;12;200 g;Larissa da Mata
Latic�nio;Nata Fresca;13;200 g;Olivia Almeida
Latic�nio;Nata Fresca;11;200 g;Eduarda da Concei��o
Latic�nio;Nata Fresca;12;200 g;Luigi Ramos
Latic�nio;Nata Fresca;12;200 g; Isadora Nogueira
Latic�nio;Nata Fresca;10;200 g;Isabel Mendes
Latic�nio;Nata Fresca;12;200 g;Danilo Cavalcanti
Latic�nio;Nata Fresca;12;200 g;Nicolas Cardoso
Latic�nio;Nata Fresca;13;200 g;Davi Lucas Alves
Latic�nio;Nata Fresca;11;200 g;Fernanda Fernandes
Latic�nio;Nata Pi�;10;200 g; Jo�o Gabriel Correia
Latic�nio;Nata Pi�;10;200 g;L�via da Cunha
Latic�nio;Nata Pi�;11;200 g;Ana Laura Azevedo
Latic�nio;Nata Pi�;10;200 g;Luna Fernandes
Latic�nio;Nata Pi�;13;200 g;Vitor Hugo da Mata
Latic�nio;Nata Pi�;10;200 g;Manuela Novaes
Latic�nio;Nata Pi�;13;200 g;Augusto Cunha
Latic�nio;Nata Pi�;13;200 g;Gabriela Alves
Latic�nio;Nata Pi�;11;200 g;Enrico Novaes
Latic�nio;Nata Pi�;10;200 g;Isabelly da Mata
Latic�nio;Nata Pi�;13;200 g; Luiz Miguel da Costa
Latic�nio;Nata Pi�;11;200 g;Francisco Oliveira
Latic�nio;Nata Pi�;12;200 g;Brenda Cardoso
Latic�nio;Nata Pi�;12;200 g; Thiago Ramos
Latic�nio;Nata Pi�;12;200 g;Vitor Hugo Viana
Latic�nio;Nata Pi�;12;200 g;Enzo Gabriel Nunes
Latic�nio;Nata Santa Clara;12;200 g;Vinicius Moreira
Latic�nio;Nata Santa Clara;11;200 g;Daniel Gon�alves
Latic�nio;Nata Santa Clara;10;200 g;Lorena Santos
Latic�nio;Nata Santa Clara;11;200 g;Maria Gon�alves
Latic�nio;Nata Santa Clara;12;200 g;Juan Freitas
Latic�nio;Nata Santa Clara;13;200 g;Augusto das Neves
Latic�nio;Nata Santa Clara;12;200 g;Cec�lia da Concei��o
Latic�nio;Nata Santa Clara;12;200 g;Daniela da Cruz
Latic�nio;Nata Santa Clara;10;200 g; Diego Ara�jo
Latic�nio;Nata Santa Clara;10;200 g;Alana Sales
Latic�nio;Nata Santa Clara;13;200 g;Miguel Ramos
Latic�nio;Nata Tirol;10;200 g;Ana Clara Silva
Latic�nio;Nata Tirol;12;200 g; Stephany da Rocha
Latic�nio;Nata Tirol;10;200 g;Maria Sophia Gon�alves
Latic�nio;Nata Tirol;11;200 g;Vinicius da Paz
Hortifruti;Alho;13;1 kg;Ryan Cardoso
Hortifruti;Alho;12;1 kg;Alana Porto
Hortifruti;Alho;11;1 kg;Jo�o Vitor Sales
Hortifruti;Alho;9;1 kg;Ot�vio Moreira
Hortifruti;Alho;14;1 kg; Alexia da Rocha
Hortifruti;Banana;15;1 kg; Luiz Miguel da Costa
Hortifruti;Bergamota Ca�;13;1 kg;Luiza da Mata
Hortifruti;Bergamota Ca�;10;1 kg;Augusto Ribeiro
Hortifruti;Bergamota Ca�;8;1 kg; Cau� da Concei��o
Hortifruti;Bergamota Ca�;12;1 kg;Al�cia das Neves
Hortifruti;Bergamota Ca�;14;1 kg;Lucas da Cunha
Hortifruti;Bergamota Ponkan;9;1 kg;Jo�o Vitor Sales
Hortifruti;Cebola;12;1 kg;Matheus Nogueira
Hortifruti;Cebola;14;1 kg;Milena Costa
Hortifruti;Cebola;15;1 kg;Jo�o Felipe Cruz
Hortifruti;Cebola;9;1 kg;Ana Beatriz Souza
Hortifruti;Cebola;14;1 kg;Luiza Ramos
Hortifruti;Cebola;10;1 kg;Isabelly da Mata
Hortifruti;Cebola;9;1 kg;Davi Lucca Teixeira
Hortifruti;Cenoura;11;1 kg;Nathan Oliveira
Hortifruti;Cenoura;14;1 kg;Yago Castro
Hortifruti;Cenoura;12;1 kg;Al�cia das Neves
Hortifruti;Cenoura;14;1 kg;Jo�o Guilherme Ramos
Hortifruti;Cenoura;11;1 kg;Lucca Cavalcanti
Hortifruti;Cenoura;13;1 kg;Gabriela da Rocha
Hortifruti;Laranja de Umbigo;9;1 kg;Davi Luiz Lopes
Hortifruti;Laranja de Umbigo;12;1 kg;Mirella Viana
Hortifruti;Laranja de Umbigo;8;1 kg; Pietra Lima
Hortifruti;Laranja de Umbigo;15;1 kg;Maria Cec�lia Almeida
Hortifruti;Laranja de Umbigo;10;1 kg;Yago Castro
Hortifruti;Laranja de Umbigo;14;1 kg;Pedro Henrique das Neves
Hortifruti;Laranja de Umbigo;14;1 kg;Vitor Hugo Viana
Hortifruti;Laranja de Umbigo;15;1 kg;Vinicius Moreira
Hortifruti;Laranja do C�u;8;1 kg;Matheus Correia
Hortifruti;Laranja do C�u;8;1 kg;Cec�lia da Concei��o
Hortifruti;Ma��;13;1 kg;Enzo Gabriel Nunes
Hortifruti;Ma��;9;1 kg;Vit�ria das Neves
Hortifruti;Ma��;13;1 kg;Bryan Mendes
Hortifruti;Ma��;9;1 kg;Sophia da Mata
Hortifruti;Ma��;13;1 kg;Ryan Cardoso
Hortifruti;P�ssego;10;1 kg;Gabriela Alves
Hortifruti;Tangerina;10;1 kg;Vitor Hugo da Mata
Hortifruti;Tangerina;14;1 kg;Augusto Cunha
Hortifruti;Abacaxi;13;1 un;Ana Laura Azevedo
Hortifruti;Abacaxi;14;1 un;Thomas Freitas
Hortifruti;Abacaxi;10;1 un;Jo�o Felipe Cruz
Hortifruti;Abacaxi;13;1 un;Felipe Ramos
Hortifruti;Abacaxi;10;1 un; Pietra Lima
Hortifruti;Abacaxi;15;1 un;Maria Cec�lia Almeida
Hortifruti;Abacaxi;15;1 un; Thiago Ramos
Hortifruti;Abacaxi;11;1 un;Fernando Vieira
Hortifruti;Beterraba;14;1 un;Larissa da Mata
Hortifruti;Beterraba;14;1 un;Breno das Neves
Hortifruti;Beterraba;15;1 un;Luigi Ramos
Hortifruti;Beterraba;12;1 un;Isabel Mendes
Hortifruti;Beterraba;12;1 un;Danilo Cavalcanti
Hortifruti;Beterraba;14;1 un;Ana Clara Silva
Hortifruti;Beterraba;13;1 un;Francisco da Paz
Hortifruti;Beterraba;13;1 un;Vinicius da Paz
Hortifruti;Beterraba;15;1 un; Stephany Pereira
Hortifruti;Beterraba;12;1 un;L�via da Cunha
Hortifruti;Beterraba;14;1 un;Eduardo Nunes
Hortifruti;Beterraba;15;1 un;Cau� das Neves
Hortifruti;Nabo;10;1 un;Raquel Azevedo
Hortifruti;Nabo;15;1 un;Fernando Vieira
Hortifruti;Nabo;8;1 un;Vitor Hugo Viana
Hortifruti;Nabo;12;1 un;Augusto Ribeiro
Hortifruti;Nabo;8;1 un;Ana Luiza Pires
Latic�nio;Manteiga;18;200 g;Mirella Viana
Latic�nio;Manteiga;20;200 g;Jo�o Miguel da Costa
Latic�nio;Manteiga;17;200 g;Thales Moura
Latic�nio;Manteiga;15;200 g;Lara Porto
Latic�nio;Manteiga;18;200 g;Milena Arag�o
Mel;Mel;17;200 g;Isabelly Moura
Mel;Mel;14;200 g;Luigi Ramos
Mel;Mel;18;200 g;Miguel Ramos
Mel;Mel;11;200 g;Vinicius da Paz
Mel;Mel;19;200 g;Heitor Arag�o
Hortifruti;Alho;11;1 kg;Giovanna Mendes
Hortifruti;Alho;8;1 kg;Alexia Barros
Hortifruti;Alho;15;1 kg;Joaquim Cavalcanti
Hortifruti;Alho;10;1 kg;Nat�lia da Costa
Hortifruti;Banana;12;1 kg;Vitor Hugo da Mata
Hortifruti;Banana;13;1 kg;Gabriela Alves
Hortifruti;Banana;13;1 kg;Isabelly da Mata
Hortifruti;Bergamota Ca�;10;1 kg;Isabelly da Mata
Hortifruti;Bergamota Ca�;15;1 kg;Maria Luiza Costela
Hortifruti;Bergamota Ca�;11;1 kg;Maria Cec�lia Almeida
Hortifruti;Bergamota Ca�;8;1 kg; Juan Ferreira
Hortifruti;Bergamota Ca�;15;1 kg; Thiago Ramos
Hortifruti;Bergamota Ca�;11;1 kg;Raul Ara�jo
Hortifruti;Bergamota Ca�;14;1 kg;Jo�o Guilherme Ramos
Hortifruti;Bergamota Ca�;13;1 kg;Mariana Campos
Hortifruti;Bergamota Ponkan;12;1 kg;Matheus Correia
Hortifruti;Bergamota Ponkan;13;1 kg;Nat�lia da Costa
Hortifruti;Bergamota Ponkan;10;1 kg;Cec�lia Correia
Hortifruti;Cebola;15;1 kg;Ana Laura Azevedo
Hortifruti;Cebola;15;1 kg;Alicia Campos
Hortifruti;Cebola;10;1 kg; Maria Fernanda Rocha
Hortifruti;Cebola;12;1 kg;Enrico Novaes
Hortifruti;Cebola;13;1 kg;Maria Luiza Costela
Hortifruti;Cebola;11;1 kg;Thales Moura
Hortifruti;Cebola;11;1 kg; Luiz Miguel da Costa
Hortifruti;Cebola;14;1 kg; Pietra Lima
Hortifruti;Cenoura;15;1 kg;Francisco Oliveira
Hortifruti;Cenoura;10;1 kg; Cau� da Concei��o
Hortifruti;Cenoura;11;1 kg;Fernando Santos
Hortifruti;Cenoura;13;1 kg;Yago Peixoto
Hortifruti;Cenoura;14;1 kg;Jo�o Pedro Costa
Hortifruti;Laranja de Umbigo;13;1 kg;Vitor Hugo da Mata
Hortifruti;Laranja de Umbigo;15;1 kg;Isabelly da Mata
Hortifruti;Laranja de Umbigo;12;1 kg;Jo�o Miguel da Costa
Hortifruti;Laranja de Umbigo;11;1 kg;Raquel Azevedo
Hortifruti;Laranja de Umbigo;12;1 kg;Andr� da Cruz
Hortifruti;Laranja de Umbigo;8;1 kg;Davi Lucca Teixeira
Hortifruti;Laranja de Umbigo;12;1 kg; Thiago Ramos
Hortifruti;Laranja de Umbigo;8;1 kg;Milena Arag�o
Hortifruti;Laranja do C�u;15;1 kg;Julia Dias
Hortifruti;Laranja do C�u;9;1 kg;Vitor Gabriel Mendes
Hortifruti;Laranja do C�u;9;1 kg;Francisco Barbosa
Hortifruti;Laranja do C�u;13;1 kg;Mariana Campos
Hortifruti;Laranja do C�u;10;1 kg;Sophia da Mata
Hortifruti;Laranja do C�u;8;1 kg;Paulo Novaes
Hortifruti;Laranja do C�u;15;1 kg;Giovanna Mendes
Hortifruti;Laranja do C�u;14;1 kg;Joaquim Cavalcanti
Hortifruti;Laranja do C�u;9;1 kg;Andr� Campos
Hortifruti;Laranja do C�u;15;1 kg;Nat�lia da Costa
Hortifruti;Laranja do C�u;14;1 kg;Cec�lia Correia
Hortifruti;Laranja do C�u;14;1 kg;Daniela da Cruz
Hortifruti;Laranja do C�u;13;1 kg; Alexia da Rocha
Hortifruti;Ma��;15;1 kg;Julia Dias
Hortifruti;Ma��;14;1 kg;Francisco Barbosa
Hortifruti;Ma��;9;1 kg;Daniel Gon�alves
Hortifruti;P�ssego;10;1 kg;Kaique Novaes
Hortifruti;P�ssego;13;1 kg;Ana Beatriz Souza
Hortifruti;P�ssego;13;1 kg;Augusto Cunha
Hortifruti;Tangerina;8;1 kg;Mirella Viana
Hortifruti;Tangerina;9;1 kg; Juan Ferreira
Hortifruti;Abacaxi;15;1 un;Vitor Hugo da Mata
Hortifruti;Abacaxi;12;1 un;Davi Luiz Lopes
Hortifruti;Abacaxi;15;1 un;Mirella Viana
Hortifruti;Abacaxi;12;1 un;Maria Luiza Costela
Hortifruti;Abacaxi;12;1 un;Davi Lucca Teixeira
Hortifruti;Abacaxi;14;1 un; Juan Ferreira
Hortifruti;Abacaxi;15;1 un;Luiza da Mata
Hortifruti;Abacaxi;11;1 un;Leonardo da Cruz
Hortifruti;Abacaxi;11;1 un; Cau� da Concei��o
Hortifruti;Beterraba;13;1 un;Olivia Almeida
Hortifruti;Beterraba;14;1 un;Eduarda da Concei��o
Hortifruti;Beterraba;13;1 un;Maria Alice Correia
Hortifruti;Beterraba;12;1 un;Ana Beatriz Santos
Hortifruti;Beterraba;13;1 un;Maria Sophia Gon�alves
Hortifruti;Beterraba;15;1 un;Agatha da Paz
Hortifruti;Beterraba;12;1 un;Clara Sales
Hortifruti;Beterraba;13;1 un;Fernanda Fernandes
Hortifruti;Beterraba;12;1 un; Jo�o Gabriel Correia
Hortifruti;Beterraba;13;1 un;Erick Moreira
Hortifruti;Nabo;15;1 un;Maria Cec�lia Almeida
Hortifruti;Nabo;14;1 un;Bruno Pires
Hortifruti;Nabo;9;1 un;Pedro Henrique das Neves
Hortifruti;Nabo;15;1 un;Raul Ara�jo
Hortifruti;Nabo;13;1 un;Vitor Barbosa
Hortifruti;Nabo;8;1 un; Ana Rezende
Hortifruti;Nabo;8;1 un;Giovanna Mendes
Latic�nio;Manteiga;18;200 g;Isabelly da Mata
Latic�nio;Manteiga;19;200 g;Felipe Ramos
Latic�nio;Manteiga;15;200 g;Francisco Oliveira
Latic�nio;Manteiga;12;200 g;Brenda Cardoso
Mel;Mel;17;200 g;Maria Sophia Gon�alves
Mel;Mel;10;200 g;Nicolas Cardoso
Mel;Mel;19;200 g;L�via da Cunha
Latic�nio;Requeij�o Catupiry;17;500 g;Paulo Novaes
Latic�nio;Requeij�o Catupiry;15;500 g;Laura Costela
Latic�nio;Requeij�o Catupiry;20;500 g;Agatha Rodrigues
Latic�nio;Requeij�o Catupiry;15;500 g;Joaquim Cavalcanti
Latic�nio;Requeij�o Catupiry;18;500 g;Lucca Cavalcanti
Latic�nio;Requeij�o Catupiry;18;500 g;Gabriela da Rocha
Latic�nio;Requeij�o Catupiry;15;500 g;Andr� Campos
Latic�nio;Requeij�o Catupiry;16;500 g;Pedro Henrique Freitas
Latic�nio;Requeij�o Catupiry;20;500 g; Andr� da Rocha
Latic�nio;Requeij�o Catupiry;19;500 g;Isabelly Moura
Latic�nio;Requeij�o Catupiry;15;500 g;Luigi Ramos
Latic�nio;Requeij�o Catupiry;20;500 g; Isadora Nogueira
Latic�nio;Requeij�o Po�os de Caldas;19;500 g;Nicolas Cardoso
Latic�nio;Requeij�o Po�os de Caldas;20;500 g;Matheus Teixeira
Latic�nio;Requeij�o Po�os de Caldas;18;500 g;Fernanda Fernandes
Latic�nio;Manteiga;15;200 g;Ana Laura Azevedo
Latic�nio;Manteiga;19;200 g;Jo�o Felipe Cruz
Latic�nio;Manteiga;12;200 g; Luiz Miguel da Costa
Latic�nio;Manteiga;13;200 g;Pedro Henrique das Neves
Latic�nio;Manteiga;20;200 g;Enzo Gabriel Nunes
Mel;Mel;11;200 g;Ana Beatriz Santos
Mel;Mel;10;200 g; Jo�o Gabriel Correia
Mel;Mel;19;200 g;Paulo Novaes
Mel;Mel;13;200 g;Ryan Cardoso
Latic�nio;Requeij�o Catupiry;16;500 g; Ana Rezende
Latic�nio;Requeij�o Catupiry;20;500 g;Sophia da Mata
Latic�nio;Requeij�o Catupiry;19;500 g;Alexia Barros
Latic�nio;Requeij�o Catupiry;19;500 g;Cec�lia da Concei��o
Latic�nio;Requeij�o Catupiry;17;500 g;Nat�lia da Costa
Latic�nio;Requeij�o Catupiry;18;500 g;Jo�o Pedro Costa
Latic�nio;Requeij�o Catupiry;20;500 g;Larissa da Mata
Latic�nio;Requeij�o Catupiry;19;500 g;Sophia Cavalcanti
Latic�nio;Requeij�o Catupiry;20;500 g;Eduarda da Concei��o
Latic�nio;Requeij�o Catupiry;15;500 g;Ana Sophia Costela
Latic�nio;Requeij�o Catupiry;15;500 g;Isabel Mendes
Latic�nio;Requeij�o Catupiry;20;500 g;Miguel Ramos
Latic�nio;Requeij�o Po�os de Caldas;19;500 g;Vinicius da Paz
Latic�nio;Requeij�o Po�os de Caldas;18;500 g;Agatha da Paz
Latic�nio;Requeij�o Po�os de Caldas;15;500 g;Eduardo Jesus
Latic�nio;Requeij�o Po�os de Caldas;18;500 g;Clara Sales
Latic�nio;Requeij�o Po�os de Caldas;15;500 g;Jo�o Guilherme da Cunha
Latic�nio;Requeij�o Po�os de Caldas;16;500 g; Jo�o Gabriel Correia
Latic�nio;Manteiga;16;200 g;Valentina Ferreira
Latic�nio;Manteiga;15;200 g;Juliana Rocha
Latic�nio;Manteiga;19;200 g;Ana Beatriz Souza
Latic�nio;Manteiga;19;200 g;Manuela Novaes
Latic�nio;Manteiga;18;200 g;Alicia Campos
Latic�nio;Manteiga;19;200 g;Helena Pereira
Latic�nio;Manteiga;18;200 g;Augusto Ribeiro
Mel;Mel;18;200 g;Cec�lia Correia
Mel;Mel;16;200 g; Isabelly Oliveira
Mel;Mel;14;200 g;Clara Sales
Mel;Mel;19;200 g;Matheus Teixeira
Mel;Mel;20;200 g;Erick Moreira
Mel;Mel;10;200 g;Giovanna Mendes
Latic�nio;Requeij�o Catupiry;20;500 g;Lorena Santos
Latic�nio;Requeij�o Catupiry;20;500 g;Jo�o Vitor Sales
Latic�nio;Requeij�o Catupiry;15;500 g;Ot�vio Moreira
Latic�nio;Requeij�o Catupiry;17;500 g;Daniela da Cruz
Latic�nio;Requeij�o Catupiry;16;500 g;Ana Beatriz Santos
Latic�nio;Requeij�o Catupiry;19;500 g;Alexandre das Neves
Latic�nio;Requeij�o Po�os de Caldas;15;500 g; Stephany Pereira
Latic�nio;Requeij�o Po�os de Caldas;18;500 g;Heitor Arag�o
Latic�nio;Manteiga;13;200 g; Isabelly Oliveira
Latic�nio;Manteiga;19;200 g;Matheus Nogueira
Latic�nio;Manteiga;14;200 g;Kaique Novaes
Latic�nio;Manteiga;18;200 g;Thomas Freitas
Latic�nio;Manteiga;19;200 g;Maria Cec�lia Almeida
Latic�nio;Manteiga;19;200 g;Nina Moreira
Mel;Mel;16;200 g;Daniela da Cruz
Mel;Mel;11;200 g;Diego Ara�jo
Mel;Mel;15;200 g;Larissa da Mata
Mel;Mel;12;200 g;Breno das Neves
Mel;Mel;17;200 g;Stephany da Rocha
Mel;Mel;13;200 g;Yasmin Freitas
Mel;Mel;19;200 g;Agatha Rodrigues
Mel;Mel;19;200 g;Alexia Barros
Mel;Mel;10;200 g;Lorena Santos
Latic�nio;Requeij�o Catupiry;17;500 g;Jo�o Guilherme da Cruz
Latic�nio;Requeij�o Catupiry;18;500 g;Giovanna Lima
Latic�nio;Requeij�o Catupiry;20;500 g;Ryan Cardoso
Latic�nio;Requeij�o Catupiry;15;500 g;Matheus Correia
Latic�nio;Requeij�o Po�os de Caldas;17;500 g;Marcos Vinicius Ara�jo
Latic�nio;Manteiga;19;200 g;Nathan Oliveira
Latic�nio;Manteiga;18;200 g;Luiza da Mata
Latic�nio;Manteiga;14;200 g;Vitor Hugo Viana
Mel;Mel;19;200 g;Ana Sophia Costela
Mel;Mel;16;200 g;Isabel Mendes
Mel;Mel;12;200 g;Valentina Ferreira
Mel;Mel;12;200 g;Marcos Vinicius Ara�jo
Latic�nio;Requeij�o Catupiry;17;500 g;Alana Porto
Latic�nio;Requeij�o Catupiry;18;500 g;Alice Teixeira
Latic�nio;Requeij�o Catupiry;19;500 g;Leonardo Teixeira
Latic�nio;Requeij�o Catupiry;17;500 g;Augusto das Neves
Latic�nio;Requeij�o Catupiry;17;500 g;Alexia da Rocha
Latic�nio;Requeij�o Catupiry;17;500 g;Maria Alice Correia
Latic�nio;Requeij�o Catupiry;20;500 g;Alana Sales
Latic�nio;Requeij�o Catupiry;20;500 g;Felipe Freitas
Latic�nio;Requeij�o Catupiry;16;500 g;Stephany da Rocha
Latic�nio;Requeij�o Po�os de Caldas;15;500 g;Francisco da Paz
Latic�nio;Manteiga;15;200 g;Francisco da Paz
Latic�nio;Manteiga;14;200 g;Lucca da Mata
Latic�nio;Manteiga;12;200 g;Luiza Ramos
Latic�nio;Manteiga;14;200 g;Augusto Cunha
Latic�nio;Manteiga;12;200 g;Gabriela Alves
Latic�nio;Manteiga;19;200 g;Joaquim Melo
Latic�nio;Manteiga;19;200 g;Andr� da Cruz
Latic�nio;Manteiga;18;200 g;Fernando Vieira
Latic�nio;Requeij�o Catupiry;16;500 g;Bryan Mendes
Latic�nio;Requeij�o Catupiry;18;500 g;Giovanna Mendes
Latic�nio;Requeij�o Catupiry;17;500 g;Yago Peixoto
Latic�nio;Requeij�o Catupiry;18;500 g;Maria Gon�alves
Latic�nio;Requeij�o Catupiry;17;500 g;Juan Freitas
Latic�nio;Requeij�o Catupiry;18;500 g;Cec�lia Correia
Latic�nio;Requeij�o Catupiry;16;500 g;Diego Ara�jo
Latic�nio;Requeij�o Catupiry;20;500 g;Olivia Almeida
Latic�nio;Requeij�o Catupiry;18;500 g;Breno das Neves
Latic�nio;Requeij�o Catupiry;15;500 g;Danilo Cavalcanti
Latic�nio;Requeij�o Catupiry;16;500 g;Ana Clara Silva
Latic�nio;Requeij�o Po�os de Caldas;15;500 g;Valentina Ferreira
Latic�nio;Requeij�o Po�os de Caldas;20;500 g;Juliana Rocha
Latic�nio;Requeij�o Po�os de Caldas;18;500 g;Maria Luiza Caldeira
Latic�nio;Requeij�o Po�os de Caldas;16;500 g;Davi Lucas Alves
Latic�nio;Requeij�o Po�os de Caldas;18;500 g;Yasmin Freitas
Latic�nio;Requeij�o Po�os de Caldas;18;500 g;L�via da Cunha
Mel;Mel;29;500 g;Augusto Cunha
Mel;Mel;50;500 g;Maria Luiza Costela
Mel;Mel;37;500 g;Maria Luiza Costela
Mel;Mel;34;500 g;Nat�lia da Costa
Mel;Mel;31;500 g;Felipe Ramos
Mel;Mel;32;500 g;Luna Fernandes
Mel;Mel;29;500 g;Alicia Campos
Mel;Mel;46;500 g;Larissa da Mata
Mel;Mel;31;500 g;Lucca da Mata
Mel;Mel;49;500 g;Mirella Viana
Mel;Mel;48;500 g;Luiz Ot�vio Porto
Latic�nio;Leite;38;10 litros;Jo�o Pedro Costa
Latic�nio;Leite;39;10 litros;Lucca da Mata
Latic�nio;Leite;34;10 litros;Felipe Ramos
Mel;Mel;27;500 g;Yago Peixoto
Mel;Mel;43;500 g;Cec�lia Correia
Mel;Mel;45;500 g;Thales Moura
Latic�nio;Leite;40;10 litros;Manuela Novaes
Latic�nio;Leite;43;10 litros;Mirella Viana
Latic�nio;Leite;46;10 litros;Jo�o Miguel da Costa
Latic�nio;Leite;46;10 litros;Pietra Lima
Mel;Mel;34;500 g;Juan Freitas
Latic�nio;Leite;50;10 litros;Thales Moura
Mel;Mel;48;500 g;Jo�o Miguel da Costa
Latic�nio;Leite;45;10 litros;Augusto das Neves
Latic�nio;Leite;36;10 litros;Maria Luiza Costela
Latic�nio;Leite;47;10 litros;Raquel Azevedo
Mel;Mel;32;500 g;Andr� da Rocha
Mel;Mel;33;500 g;Joaquim Melo
Latic�nio;Leite;40;10 litros;Larissa da Mata
Latic�nio;Leite;46;10 litros;Augusto Cunha
Latic�nio;Leite;42;10 litros;Luiz Ot�vio Porto
Latic�nio;Leite;43;10 litros;Isabelly da Mata
Latic�nio;Leite;37;10 litros;Thales Moura
Latic�nio;Leite;38;10 litros;Pedro Henrique Freitas
Latic�nio;Leite;41;10 litros;Luiz Ot�vio Porto
Mel;Mel;44;500 g;Jo�o Vitor Sales
Mel;Mel;50;500 g;Gabriela Alves
Latic�nio;Leite;46;10 litros;Maria Fernanda Rocha
Mel;Mel;27;500 g;Jo�o Pedro Costa
Latic�nio;Leite;39;10 litros;Ana Beatriz Souza
Latic�nio;Leite;42;10 litros;Maria Cec�lia Almeida
Mel;Mel;33;500 g;Vitor Hugo da Mata
Mel;Mel;28;500 g;Mirella Viana
Mel;Mel;49;500 g;Luiz Ot�vio Porto
Mel;Mel;34;500 g;Felipe Ramos
Latic�nio;Leite;48;10 litros;Andr� da Rocha
Latic�nio;Leite;33;10 litros;Nat�lia da Costa
Mel;Mel;50;500 g;Jo�o Felipe Cruz
Mel;Mel;41;500 g;Luiza Ramos
Mel;Mel;39;500 g;Maria Fernanda Rocha
Mel;Mel;33;500 g;Luiz Miguel da Costa
Latic�nio;Leite;40;10 litros;Andr� Campos
Latic�nio;Leite;44;10 litros;Luiz Miguel da Costa
Latic�nio;Leite;30;10 litros;Leonardo Teixeira
Mel;Mel;43;1000 g;Jo�o Guilherme Ramos
Mel;Mel;46;1000 g;Ana Rezende
Mel;Mel;41;1000 g;Lorena Santos
Mel;Mel;32;500 g;Joaquim Cavalcanti
Mel;Mel;48;500 g;Enrico Novaes
Mel;Mel;31;500 g;Jo�o Miguel da Costa
Latic�nio;Leite;49;10 litros;Alexia da Rocha
Mel;Mel;41;1000 g;Lucas da Cunha
Mel;Mel;45;1000 g;Jo�o Guilherme da Cruz
Mel;Mel;40;1000 g;Paulo Novaes
Mel;Mel;44;1000 g;Alice Teixeira
Mel;Mel;35;500 g;Daniela da Cruz
Mel;Mel;36;500 g;Milena Costa
Mel;Mel;35;500 g;Isabelly da Mata
Mel;Mel;43;1000 g;Sabrina Costa
Mel;Mel;48;1000 g;Maria Gon�alves
Mel;Mel;48;1000 g;Gabriela da Rocha
Mel;Mel;45;1000 g;Andr� da Rocha
Mel;Mel;46;1000 g;Nat�lia da Costa
Mel;Mel;44;500 g;Alice Teixeira
Mel;Mel;44;500 g;Pedro Henrique Freitas
Mel;Mel;47;500 g;Manuela Novaes
Mel;Mel;46;500 g;Davi Luiz Lopes
Latic�nio;Leite;45;10 litros;Joaquim Cavalcanti
Latic�nio;Leite;46;10 litros;Daniela da Cruz
Latic�nio;Leite;30;10 litros;Jo�o Felipe Cruz
Latic�nio;Leite;49;10 litros;Enrico Novaes
Mel;Mel;46;1000 g;Julia Dias
Mel;Mel;46;1000 g;Diego da Concei��o
Mel;Mel;45;1000 g;Bryan Mendes
Mel;Mel;48;1000 g;Ryan Cardoso
Mel;Mel;41;500 g;Leonardo Teixeira
Mel;Mel;27;500 g;Ana Beatriz Souza
Latic�nio;Leite;48;10 litros;Gabriela da Rocha
Latic�nio;Leite;36;10 litros;Olivia Almeida
Latic�nio;Leite;36;10 litros;Luna Fernandes
Latic�nio;Leite;45;10 litros;Alicia Campos
Latic�nio;Leite;37;10 litros;Davi Luiz Lopes
Mel;Mel;45;1000 g;Vinicius Moreira
Mel;Mel;46;1000 g;Fernando Santos
Mel;Mel;48;1000 g;Laura Costela
Mel;Mel;40;1000 g;Jo�o Vitor Sales
Mel;Mel;42;1000 g;Cec�lia da Concei��o
Mel;Mel;50;500 g;Ot�vio Moreira
Latic�nio;Leite;31;10 litros;Cec�lia da Concei��o
Latic�nio;Leite;40;10 litros;Milena Costa
Mel;Mel;46;1000 g;Cau� da Concei��o
Mel;Mel;40;1000 g;Francisco Barbosa
Mel;Mel;44;1000 g;Daniel Gon�alves
Mel;Mel;50;1000 g;Luiz Miguel Sales
Mel;Mel;43;1000 g;Mariana Campos
Mel;Mel;49;1000 g;Juan Freitas
Mel;Mel;48;1000 g;Leonardo Teixeira
Mel;Mel;42;1000 g;Augusto das Neves
Mel;Mel;31;500 g;Diego Ara�jo
Latic�nio;Leite;34;10 litros;Lucca Cavalcanti
Mel;Mel;50;1000 g;Leonardo da Cruz
Mel;Mel;42;1000 g;Nathan Ferreira
Mel;Mel;49;1000 g;Sophia da Mata
Mel;Mel;47;1000 g;Agatha Rodrigues
Mel;Mel;38;500 g;Alexia da Rocha
Latic�nio;Leite;33;10 litros;Cec�lia Correia
Latic�nio;Leite;44;10 litros;Diego Ara�jo
Latic�nio;Leite;44;10 litros;Davi Luiz Lopes
Latic�nio;Leite;49;10 litros;Jo�o Miguel da Costa
Latic�nio;Leite;48;10 litros;Luiz Miguel da Costa
Latic�nio;Leite;31;10 litros;Isabelly da Mata
Latic�nio;Leite;37;10 litros;Maria Luiza Costela
Mel;Mel;41;1000 g;Raul Ara�jo
Mel;Mel;49;1000 g;Ana Luiza Pires
Mel;Mel;45;1000 g;Giovanna Lima
Mel;Mel;46;1000 g;Alexia Barros
Mel;Mel;48;1000 g;Lucca Cavalcanti
Mel;Mel;40;1000 g;Jo�o Pedro Costa
Mel;Mel;38;500 g;Maria Gon�alves
Mel;Mel;47;500 g;Augusto das Neves
Mel;Mel;41;500 g;Lucca Cavalcanti
Mel;Mel;33;500 g;Gabriela da Rocha
Latic�nio;Leite;45;10 litros;Gabriela Alves
Latic�nio;Leite;44;10 litros;Felipe Ramos
Mel;Mel;48;1000 g;Al�cia das Neves
Mel;Mel;50;1000 g;Maysa da Concei��o
Mel;Mel;40;1000 g;Alana Porto
Mel;Mel;46;1000 g;Andr� Campos
Mel;Mel;45;1000 g;Pedro Henrique Freitas
Mel;Mel;47;1000 g;Ot�vio Moreira
Mel;Mel;29;500 g;Davi Luiz Lopes
Latic�nio;Leite;33;10 litros;Joaquim Melo
Latic�nio;Leite;37;10 litros;Lara Porto
Mel;Mel;50;1000 g;Vitor Gabriel Mendes
Mel;Mel;49;1000 g;Isaac Rezende
Mel;Mel;49;1000 g;Vitor Barbosa
Mel;Mel;47;1000 g;Giovanna Mendes
Mel;Mel;46;1000 g;Yago Peixoto
Mel;Mel;30;500 g;Cec�lia da Concei��o
Mel;Mel;35;500 g;Olivia Almeida
Mel;Mel;48;500 g;Thales Moura
Latic�nio;Leite;41;10 litros;Ot�vio Moreira
Latic�nio;Leite;45;10 litros;Vitor Hugo da Mata
Latic�nio;Leite;36;10 litros;Luiza Ramos
Latic�nio;Leite;37;10 litros;Mirella Viana
Mel;Mel;42;1000 g;Pedro Lucas Cardoso
Mel;Mel;44;1000 g;Vit�ria das Neves
Mel;Mel;41;1000 g;Matheus Correia
Mel;Mel;50;1000 g;Joaquim Cavalcanti
Mel;Mel;50;500 g;Andr� Campos
Mel;Mel;43;500 g;Isabelly da Mata
Latic�nio;Manteiga;60;1 kg;Cau� das Neves
Latic�nio;Manteiga;83;1 kg;Luna Fernandes
Latic�nio;Manteiga;107;1 kg;Jo�o Felipe Cruz
Latic�nio;Manteiga;112;1 kg;Francisco Oliveira
Latic�nio;Manteiga;112;1 kg;Thiago Ramos
Latic�nio;Manteiga;118;1 kg;Kaique Novaes
Latic�nio;Manteiga;60;1 kg;Thales Moura
Latic�nio;Manteiga;95;1 kg;Enrico Novaes
Latic�nio;Manteiga;91;1 kg;Lara Porto
Latic�nio;Manteiga;94;1 kg;Davi Luiz Lopes
Latic�nio;Manteiga;62;1 kg;Andr� da Cruz
Latic�nio;Manteiga;63;1 kg;Helena Pereira
Latic�nio;Manteiga;77;1 kg;Vitor Hugo da Mata
Latic�nio;Manteiga;67;1 kg;Pedro Lucas Cardoso
Latic�nio;Manteiga;117;1 kg;Milena Arag�o
Latic�nio;Manteiga;95;1 kg;Davi Lucca Teixeira
Latic�nio;Manteiga;92;1 kg;Lucca da Mata
Latic�nio;Manteiga;68;1 kg;Fernando Vieira
Latic�nio;Manteiga;120;1 kg;Thomas Freitas
Latic�nio;Manteiga;98;1 kg;Alicia Campos
Latic�nio;Manteiga;112;1 kg;Bruno Pires
Latic�nio;Manteiga;76;1 kg;Manuela Novaes
Latic�nio;Manteiga;114;1 kg;Raul Ara�jo
Latic�nio;Manteiga;78;1 kg;Luiza da Mata
Latic�nio;Manteiga;68;1 kg;Augusto Cunha
Latic�nio;Manteiga;90;1 kg;Felipe Ramos
Latic�nio;Manteiga;90;1 kg;Vinicius Moreira
Latic�nio;Manteiga;113;1 kg;Joaquim Melo
Latic�nio;Manteiga;118;1 kg;Pietra Lima
Latic�nio;Manteiga;88;1 kg;Luiza Ramos
Latic�nio;Manteiga;116;1 kg;Gabriela Alves
Latic�nio;Manteiga;91;1 kg;Maria Luiza Costela
Latic�nio;Manteiga;105;1 kg;Maria Fernanda Rocha
Latic�nio;Manteiga;108;1 kg;Luiz Miguel da Costa
Latic�nio;Manteiga;80;1 kg;Jo�o Miguel da Costa
Latic�nio;Manteiga;98;1 kg;Leonardo da Cruz
Latic�nio;Manteiga;84;1 kg;Brenda Cardoso
Latic�nio;Manteiga;112;1 kg;Cau� da Concei��o
Latic�nio;Manteiga;95;1 kg;Nathan Oliveira
Latic�nio;Manteiga;119;1 kg;Pedro Henrique das Neves
Latic�nio;Manteiga;87;1 kg;Isabelly da Mata
Latic�nio;Manteiga;78;1 kg;Yago Castro
Latic�nio;Manteiga;75;1 kg;Ana Laura Azevedo
Latic�nio;Manteiga;79;1 kg;Raquel Azevedo
Latic�nio;Manteiga;69;1 kg;Enzo Gabriel Nunes
Latic�nio;Manteiga;100;1 kg;Ana Beatriz Souza
Latic�nio;Manteiga;107;1 kg;Juan Ferreira
Latic�nio;Manteiga;61;1 kg;Matheus Nogueira
Latic�nio;Manteiga;97;1 kg;Vitor Hugo Viana
Latic�nio;Manteiga;90;1 kg;Nathan Ferreira
Latic�nio;Manteiga;91;1 kg;Milena Costa
Latic�nio;Manteiga;105;1 kg;Maria Cec�lia Almeida
Latic�nio;Manteiga;67;1 kg;Augusto Ribeiro
Latic�nio;Manteiga;106;1 kg;Nina Moreira
